--------------------------------------------------------
--  DDL for Sequence ANOMALIAS_REGISTO_SEQ
--------------------------------------------------------

   CREATE SEQUENCE  "LIVROS"."ANOMALIAS_REGISTO_SEQ"  MINVALUE 1 MAXVALUE 999999999999999999999999 INCREMENT BY 1 START WITH 1 CACHE 20 NOORDER  NOCYCLE ;
--------------------------------------------------------
--  DDL for Sequence CLIENTES_NÚMERO_SEQ
--------------------------------------------------------

   CREATE SEQUENCE  "LIVROS"."CLIENTES_NÚMERO_SEQ"  MINVALUE 1 MAXVALUE 999999999999999999999999 INCREMENT BY 1 START WITH 1 CACHE 20 NOORDER  NOCYCLE ;
--------------------------------------------------------
--  DDL for Sequence DTPROPERTIES_ID_SEQ
--------------------------------------------------------

   CREATE SEQUENCE  "LIVROS"."DTPROPERTIES_ID_SEQ"  MINVALUE 1 MAXVALUE 999999999999999999999999 INCREMENT BY 1 START WITH 1 CACHE 20 NOORDER  NOCYCLE ;
--------------------------------------------------------
--  DDL for Sequence PROFISSÕES_CÓDIGO_SEQ
--------------------------------------------------------

   CREATE SEQUENCE  "LIVROS"."PROFISSÕES_CÓDIGO_SEQ"  MINVALUE 1 MAXVALUE 999999999999999999999999 INCREMENT BY 1 START WITH 1 CACHE 20 NOORDER  NOCYCLE ;
--------------------------------------------------------
--  DDL for Table ANOMALIAS
--------------------------------------------------------

  CREATE TABLE "LIVROS"."ANOMALIAS" 
   (	"REGISTO" NUMBER(10,0), 
	"TEMPO" DATE DEFAULT SYSDATE, 
	"FUNCIONÁRIO" NUMBER(10,0), 
	"TIPO_OPERAÇÃO" CHAR(1 CHAR) DEFAULT 'R', 
	"DESCRIÇÃO" VARCHAR2(100 CHAR), 
	"ESTADO" CHAR(1 CHAR) DEFAULT 'N', 
	"SOLUÇÃO" VARCHAR2(100 CHAR)
   ) SEGMENT CREATION IMMEDIATE 
  PCTFREE 10 PCTUSED 40 INITRANS 1 MAXTRANS 255 NOCOMPRESS LOGGING
  STORAGE(INITIAL 65536 NEXT 1048576 MINEXTENTS 1 MAXEXTENTS 2147483645
  PCTINCREASE 0 FREELISTS 1 FREELIST GROUPS 1 BUFFER_POOL DEFAULT FLASH_CACHE DEFAULT CELL_FLASH_CACHE DEFAULT)
  TABLESPACE "USERS" ;

   COMMENT ON COLUMN "LIVROS"."ANOMALIAS"."TIPO_OPERAÇÃO" IS 'ORIGINAL NAME:Tipo-Operação';
--------------------------------------------------------
--  DDL for Table AUDITORIA_VENDAS_DIÁRIAS
--------------------------------------------------------

  CREATE TABLE "LIVROS"."AUDITORIA_VENDAS_DIÁRIAS" 
   (	"DATA_AUDITORIA" DATE, 
	"TIPO_FONTE" CHAR(10 CHAR), 
	"FONTE" VARCHAR2(50 CHAR), 
	"DATA" DATE, 
	"NÚMERO" NUMBER(10,0), 
	"CÓDIGO_LIVRO" CHAR(10 CHAR), 
	"NOME_LIVRO" VARCHAR2(50 CHAR), 
	"ISBN" CHAR(15 CHAR), 
	"QUANTIDADE" NUMBER(10,0), 
	"PREÇO" NUMBER(19,4), 
	"OBSERVAÇÃO" VARCHAR2(50 CHAR)
   ) SEGMENT CREATION IMMEDIATE 
  PCTFREE 10 PCTUSED 40 INITRANS 1 MAXTRANS 255 NOCOMPRESS LOGGING
  STORAGE(INITIAL 65536 NEXT 1048576 MINEXTENTS 1 MAXEXTENTS 2147483645
  PCTINCREASE 0 FREELISTS 1 FREELIST GROUPS 1 BUFFER_POOL DEFAULT FLASH_CACHE DEFAULT CELL_FLASH_CACHE DEFAULT)
  TABLESPACE "USERS" ;

   COMMENT ON COLUMN "LIVROS"."AUDITORIA_VENDAS_DIÁRIAS"."DATA_AUDITORIA" IS 'ORIGINAL NAME:Data-Auditoria';
   COMMENT ON COLUMN "LIVROS"."AUDITORIA_VENDAS_DIÁRIAS"."TIPO_FONTE" IS 'ORIGINAL NAME:Tipo-Fonte';
   COMMENT ON COLUMN "LIVROS"."AUDITORIA_VENDAS_DIÁRIAS"."CÓDIGO_LIVRO" IS 'ORIGINAL NAME:Código-Livro';
   COMMENT ON COLUMN "LIVROS"."AUDITORIA_VENDAS_DIÁRIAS"."NOME_LIVRO" IS 'ORIGINAL NAME:Nome-Livro';
   COMMENT ON TABLE "LIVROS"."AUDITORIA_VENDAS_DIÁRIAS"  IS 'ORIGINAL NAME:Auditoria-Vendas-Diárias';
--------------------------------------------------------
--  DDL for Table AUTORES
--------------------------------------------------------

  CREATE TABLE "LIVROS"."AUTORES" 
   (	"CÓDIGO" CHAR(5 CHAR), 
	"NOME" VARCHAR2(50 CHAR), 
	"TIPO" CHAR(1 CHAR), 
	"RUA" VARCHAR2(50 CHAR), 
	"LOCALIDADE" CHAR(3 CHAR), 
	"CÓDIGO_POSTAL" VARCHAR2(25 CHAR), 
	"PAÍS" VARCHAR2(25 CHAR), 
	"TELEFONE" VARCHAR2(25 CHAR), 
	"FAX" VARCHAR2(25 CHAR), 
	"EMAIL" VARCHAR2(100 CHAR), 
	"PROFISSÃO" NUMBER(10,0)
   ) SEGMENT CREATION IMMEDIATE 
  PCTFREE 10 PCTUSED 40 INITRANS 1 MAXTRANS 255 NOCOMPRESS LOGGING
  STORAGE(INITIAL 65536 NEXT 1048576 MINEXTENTS 1 MAXEXTENTS 2147483645
  PCTINCREASE 0 FREELISTS 1 FREELIST GROUPS 1 BUFFER_POOL DEFAULT FLASH_CACHE DEFAULT CELL_FLASH_CACHE DEFAULT)
  TABLESPACE "USERS" ;

   COMMENT ON COLUMN "LIVROS"."AUTORES"."CÓDIGO_POSTAL" IS 'ORIGINAL NAME:Código-Postal';
--------------------------------------------------------
--  DDL for Table AUTORES_POTENCIAIS
--------------------------------------------------------

  CREATE TABLE "LIVROS"."AUTORES_POTENCIAIS" 
   (	"NÚMERO" CHAR(5 CHAR), 
	"NOME" VARCHAR2(50 CHAR), 
	"RUA" VARCHAR2(50 CHAR), 
	"LOCALIDADE" CHAR(3 CHAR), 
	"CÓDIGO_POSTAL" VARCHAR2(25 CHAR), 
	"TELEFONE" VARCHAR2(25 CHAR), 
	"FAX" VARCHAR2(25 CHAR), 
	"EMAIL" VARCHAR2(100 CHAR), 
	"PROFISSÃO" NUMBER(10,0), 
	"OBSERVAÇÕES" CLOB, 
	"ESTADO" CHAR(1 CHAR)
   ) SEGMENT CREATION IMMEDIATE 
  PCTFREE 10 PCTUSED 40 INITRANS 1 MAXTRANS 255 NOCOMPRESS LOGGING
  STORAGE(INITIAL 65536 NEXT 1048576 MINEXTENTS 1 MAXEXTENTS 2147483645
  PCTINCREASE 0 FREELISTS 1 FREELIST GROUPS 1 BUFFER_POOL DEFAULT FLASH_CACHE DEFAULT CELL_FLASH_CACHE DEFAULT)
  TABLESPACE "USERS" 
 LOB ("OBSERVAÇÕES") STORE AS BASICFILE (
  TABLESPACE "USERS" ENABLE STORAGE IN ROW CHUNK 8192 RETENTION 
  NOCACHE LOGGING 
  STORAGE(INITIAL 65536 NEXT 1048576 MINEXTENTS 1 MAXEXTENTS 2147483645
  PCTINCREASE 0 FREELISTS 1 FREELIST GROUPS 1 BUFFER_POOL DEFAULT FLASH_CACHE DEFAULT CELL_FLASH_CACHE DEFAULT)) ;

   COMMENT ON COLUMN "LIVROS"."AUTORES_POTENCIAIS"."CÓDIGO_POSTAL" IS 'ORIGINAL NAME:Código-Postal';
   COMMENT ON TABLE "LIVROS"."AUTORES_POTENCIAIS"  IS 'ORIGINAL NAME:Autores-Potenciais';
--------------------------------------------------------
--  DDL for Table CLASSES
--------------------------------------------------------

  CREATE TABLE "LIVROS"."CLASSES" 
   (	"CÓDIGO" CHAR(1 CHAR), 
	"DESIGNAÇÃO" VARCHAR2(50 CHAR)
   ) SEGMENT CREATION IMMEDIATE 
  PCTFREE 10 PCTUSED 40 INITRANS 1 MAXTRANS 255 NOCOMPRESS LOGGING
  STORAGE(INITIAL 65536 NEXT 1048576 MINEXTENTS 1 MAXEXTENTS 2147483645
  PCTINCREASE 0 FREELISTS 1 FREELIST GROUPS 1 BUFFER_POOL DEFAULT FLASH_CACHE DEFAULT CELL_FLASH_CACHE DEFAULT)
  TABLESPACE "USERS" ;
--------------------------------------------------------
--  DDL for Table CLIENTES
--------------------------------------------------------

  CREATE TABLE "LIVROS"."CLIENTES" 
   (	"NÚMERO" NUMBER(10,0), 
	"NOME" VARCHAR2(50 CHAR), 
	"CONTRIBUINTE" NUMBER(10,0), 
	"TELEFONE" VARCHAR2(15 CHAR), 
	"FAX" VARCHAR2(15 CHAR), 
	"EMAIL" VARCHAR2(50 CHAR), 
	"CLASSE" CHAR(1 CHAR), 
	"TIPO" CHAR(1 CHAR), 
	"VALOR_ACUMULADO_COMPRAS" NUMBER(19,4), 
	"LOCALIDADE" CHAR(3 CHAR), 
	"REGIÃO" CHAR(3 CHAR), 
	"PROFISSÃO" NUMBER(10,0)
   ) SEGMENT CREATION IMMEDIATE 
  PCTFREE 10 PCTUSED 40 INITRANS 1 MAXTRANS 255 NOCOMPRESS LOGGING
  STORAGE(INITIAL 65536 NEXT 1048576 MINEXTENTS 1 MAXEXTENTS 2147483645
  PCTINCREASE 0 FREELISTS 1 FREELIST GROUPS 1 BUFFER_POOL DEFAULT FLASH_CACHE DEFAULT CELL_FLASH_CACHE DEFAULT)
  TABLESPACE "USERS" ;

   COMMENT ON COLUMN "LIVROS"."CLIENTES"."VALOR_ACUMULADO_COMPRAS" IS 'ORIGINAL NAME:Valor-Acumulado-Compras';
--------------------------------------------------------
--  DDL for Table COLECÇÕES
--------------------------------------------------------

  CREATE TABLE "LIVROS"."COLECÇÕES" 
   (	"CÓDIGO" CHAR(3 CHAR), 
	"DESIGNAÇÃO" VARCHAR2(50 CHAR), 
	"TIPO" CHAR(1 CHAR)
   ) SEGMENT CREATION IMMEDIATE 
  PCTFREE 10 PCTUSED 40 INITRANS 1 MAXTRANS 255 NOCOMPRESS LOGGING
  STORAGE(INITIAL 65536 NEXT 1048576 MINEXTENTS 1 MAXEXTENTS 2147483645
  PCTINCREASE 0 FREELISTS 1 FREELIST GROUPS 1 BUFFER_POOL DEFAULT FLASH_CACHE DEFAULT CELL_FLASH_CACHE DEFAULT)
  TABLESPACE "USERS" ;
--------------------------------------------------------
--  DDL for Table DTPROPERTIES
--------------------------------------------------------

  CREATE TABLE "LIVROS"."DTPROPERTIES" 
   (	"ID" NUMBER(10,0), 
	"OBJECTID" NUMBER(10,0), 
	"PROPERTY" VARCHAR2(64 CHAR), 
	"VALUE" VARCHAR2(255 CHAR), 
	"UVALUE" NVARCHAR2(255), 
	"LVALUE" BLOB, 
	"VERSION" NUMBER(10,0) DEFAULT 0
   ) SEGMENT CREATION IMMEDIATE 
  PCTFREE 10 PCTUSED 40 INITRANS 1 MAXTRANS 255 NOCOMPRESS LOGGING
  STORAGE(INITIAL 65536 NEXT 1048576 MINEXTENTS 1 MAXEXTENTS 2147483645
  PCTINCREASE 0 FREELISTS 1 FREELIST GROUPS 1 BUFFER_POOL DEFAULT FLASH_CACHE DEFAULT CELL_FLASH_CACHE DEFAULT)
  TABLESPACE "USERS" 
 LOB ("LVALUE") STORE AS BASICFILE (
  TABLESPACE "USERS" ENABLE STORAGE IN ROW CHUNK 8192 RETENTION 
  NOCACHE LOGGING 
  STORAGE(INITIAL 65536 NEXT 1048576 MINEXTENTS 1 MAXEXTENTS 2147483645
  PCTINCREASE 0 FREELISTS 1 FREELIST GROUPS 1 BUFFER_POOL DEFAULT FLASH_CACHE DEFAULT CELL_FLASH_CACHE DEFAULT)) ;
--------------------------------------------------------
--  DDL for Table EDITORAS
--------------------------------------------------------

  CREATE TABLE "LIVROS"."EDITORAS" 
   (	"NÚMERO" NUMBER(10,0), 
	"DESIGNAÇÃO" VARCHAR2(50 CHAR), 
	"CONTACTO" VARCHAR2(50 CHAR), 
	"RUA" CHAR(10 CHAR), 
	"LOCALIDADE" CHAR(3 CHAR), 
	"CÓDIGO_POSTAL" CHAR(25 CHAR), 
	"PAÍS" CHAR(3 CHAR)
   ) SEGMENT CREATION IMMEDIATE 
  PCTFREE 10 PCTUSED 40 INITRANS 1 MAXTRANS 255 NOCOMPRESS LOGGING
  STORAGE(INITIAL 65536 NEXT 1048576 MINEXTENTS 1 MAXEXTENTS 2147483645
  PCTINCREASE 0 FREELISTS 1 FREELIST GROUPS 1 BUFFER_POOL DEFAULT FLASH_CACHE DEFAULT CELL_FLASH_CACHE DEFAULT)
  TABLESPACE "USERS" ;

   COMMENT ON COLUMN "LIVROS"."EDITORAS"."CÓDIGO_POSTAL" IS 'ORIGINAL NAME:Código-Postal';
--------------------------------------------------------
--  DDL for Table FUNCIONÁRIOS
--------------------------------------------------------

  CREATE TABLE "LIVROS"."FUNCIONÁRIOS" 
   (	"NÚMERO" NUMBER(10,0), 
	"NOME" VARCHAR2(50 CHAR), 
	"FUNÇÃO" CHAR(3 CHAR), 
	"SALÁRIO" NUMBER(18,0), 
	"DATA_NASCIMENTO" DATE, 
	"BI" NUMBER(10,0)
   ) SEGMENT CREATION IMMEDIATE 
  PCTFREE 10 PCTUSED 40 INITRANS 1 MAXTRANS 255 NOCOMPRESS LOGGING
  STORAGE(INITIAL 65536 NEXT 1048576 MINEXTENTS 1 MAXEXTENTS 2147483645
  PCTINCREASE 0 FREELISTS 1 FREELIST GROUPS 1 BUFFER_POOL DEFAULT FLASH_CACHE DEFAULT CELL_FLASH_CACHE DEFAULT)
  TABLESPACE "USERS" ;

   COMMENT ON COLUMN "LIVROS"."FUNCIONÁRIOS"."DATA_NASCIMENTO" IS 'ORIGINAL NAME:Data-Nascimento';
--------------------------------------------------------
--  DDL for Table FUNCIONÁRIOS_REGISTOS
--------------------------------------------------------

  CREATE TABLE "LIVROS"."FUNCIONÁRIOS_REGISTOS" 
   (	"FUNCIONÁRIO" NUMBER(10,0), 
	"DATA" DATE, 
	"TIPO" CHAR(1 CHAR)
   ) SEGMENT CREATION IMMEDIATE 
  PCTFREE 10 PCTUSED 40 INITRANS 1 MAXTRANS 255 NOCOMPRESS LOGGING
  STORAGE(INITIAL 65536 NEXT 1048576 MINEXTENTS 1 MAXEXTENTS 2147483645
  PCTINCREASE 0 FREELISTS 1 FREELIST GROUPS 1 BUFFER_POOL DEFAULT FLASH_CACHE DEFAULT CELL_FLASH_CACHE DEFAULT)
  TABLESPACE "USERS" ;

   COMMENT ON TABLE "LIVROS"."FUNCIONÁRIOS_REGISTOS"  IS 'ORIGINAL NAME:Funcionários-Registos';
--------------------------------------------------------
--  DDL for Table FUNÇÕES
--------------------------------------------------------

  CREATE TABLE "LIVROS"."FUNÇÕES" 
   (	"CÓDIGO" CHAR(3 CHAR), 
	"DESIGNAÇÃO" VARCHAR2(50 CHAR)
   ) SEGMENT CREATION IMMEDIATE 
  PCTFREE 10 PCTUSED 40 INITRANS 1 MAXTRANS 255 NOCOMPRESS LOGGING
  STORAGE(INITIAL 65536 NEXT 1048576 MINEXTENTS 1 MAXEXTENTS 2147483645
  PCTINCREASE 0 FREELISTS 1 FREELIST GROUPS 1 BUFFER_POOL DEFAULT FLASH_CACHE DEFAULT CELL_FLASH_CACHE DEFAULT)
  TABLESPACE "USERS" ;
--------------------------------------------------------
--  DDL for Table IMPOSTOS
--------------------------------------------------------

  CREATE TABLE "LIVROS"."IMPOSTOS" 
   (	"CÓDIGO" CHAR(3 CHAR), 
	"DESIGNAÇÃO" VARCHAR2(50 CHAR), 
	"TAXA" NUMBER(18,0)
   ) SEGMENT CREATION IMMEDIATE 
  PCTFREE 10 PCTUSED 40 INITRANS 1 MAXTRANS 255 NOCOMPRESS LOGGING
  STORAGE(INITIAL 65536 NEXT 1048576 MINEXTENTS 1 MAXEXTENTS 2147483645
  PCTINCREASE 0 FREELISTS 1 FREELIST GROUPS 1 BUFFER_POOL DEFAULT FLASH_CACHE DEFAULT CELL_FLASH_CACHE DEFAULT)
  TABLESPACE "USERS" ;
--------------------------------------------------------
--  DDL for Table LIVROS
--------------------------------------------------------

  CREATE TABLE "LIVROS"."LIVROS" 
   (	"CÓDIGO" CHAR(10 CHAR), 
	"DESIGNAÇÃO" VARCHAR2(50 CHAR), 
	"DATA_PUBLICAÇÃO" DATE, 
	"PREÇO_VENDA" NUMBER(19,4), 
	"COMISSÃO_VENDA" NUMBER(18,0), 
	"PREÇO_COMPRA" NUMBER(19,4), 
	"STOCK_REAL" NUMBER(10,0), 
	"PONTO_ENCOMENDA" NUMBER(10,0), 
	"QUANTIDADE_ENCOMENDA" NUMBER(10,0), 
	"LOCALIZAÇÃO_STOCK" VARCHAR2(25 CHAR), 
	"DATA_ÚLTIMA_VENDA" DATE, 
	"CAPA" BLOB, 
	"ISBN" CHAR(15 CHAR), 
	"EDITORA" NUMBER(10,0), 
	"COLECÇÃO" CHAR(3 CHAR), 
	"TIPO" CHAR(1 CHAR), 
	"IMPOSTO" CHAR(3 CHAR), 
	"OBSERVAÇÕES" NCLOB
   ) SEGMENT CREATION IMMEDIATE 
  PCTFREE 10 PCTUSED 40 INITRANS 1 MAXTRANS 255 NOCOMPRESS LOGGING
  STORAGE(INITIAL 65536 NEXT 1048576 MINEXTENTS 1 MAXEXTENTS 2147483645
  PCTINCREASE 0 FREELISTS 1 FREELIST GROUPS 1 BUFFER_POOL DEFAULT FLASH_CACHE DEFAULT CELL_FLASH_CACHE DEFAULT)
  TABLESPACE "USERS" 
 LOB ("CAPA") STORE AS BASICFILE (
  TABLESPACE "USERS" ENABLE STORAGE IN ROW CHUNK 8192 RETENTION 
  NOCACHE LOGGING 
  STORAGE(INITIAL 65536 NEXT 1048576 MINEXTENTS 1 MAXEXTENTS 2147483645
  PCTINCREASE 0 FREELISTS 1 FREELIST GROUPS 1 BUFFER_POOL DEFAULT FLASH_CACHE DEFAULT CELL_FLASH_CACHE DEFAULT)) 
 LOB ("OBSERVAÇÕES") STORE AS BASICFILE (
  TABLESPACE "USERS" ENABLE STORAGE IN ROW CHUNK 8192 RETENTION 
  NOCACHE LOGGING 
  STORAGE(INITIAL 65536 NEXT 1048576 MINEXTENTS 1 MAXEXTENTS 2147483645
  PCTINCREASE 0 FREELISTS 1 FREELIST GROUPS 1 BUFFER_POOL DEFAULT FLASH_CACHE DEFAULT CELL_FLASH_CACHE DEFAULT)) ;

   COMMENT ON COLUMN "LIVROS"."LIVROS"."DATA_PUBLICAÇÃO" IS 'ORIGINAL NAME:Data-Publicação';
   COMMENT ON COLUMN "LIVROS"."LIVROS"."PREÇO_VENDA" IS 'ORIGINAL NAME:Preço-Venda';
   COMMENT ON COLUMN "LIVROS"."LIVROS"."COMISSÃO_VENDA" IS 'ORIGINAL NAME:Comissão-Venda';
   COMMENT ON COLUMN "LIVROS"."LIVROS"."PREÇO_COMPRA" IS 'ORIGINAL NAME:Preço-Compra';
   COMMENT ON COLUMN "LIVROS"."LIVROS"."STOCK_REAL" IS 'ORIGINAL NAME:Stock-Real';
   COMMENT ON COLUMN "LIVROS"."LIVROS"."PONTO_ENCOMENDA" IS 'ORIGINAL NAME:Ponto-Encomenda';
   COMMENT ON COLUMN "LIVROS"."LIVROS"."QUANTIDADE_ENCOMENDA" IS 'ORIGINAL NAME:Quantidade-Encomenda';
   COMMENT ON COLUMN "LIVROS"."LIVROS"."LOCALIZAÇÃO_STOCK" IS 'ORIGINAL NAME:Localização-Stock';
   COMMENT ON COLUMN "LIVROS"."LIVROS"."DATA_ÚLTIMA_VENDA" IS 'ORIGINAL NAME:Data-Última-Venda';
--------------------------------------------------------
--  DDL for Table LIVROS_AUTORES
--------------------------------------------------------

  CREATE TABLE "LIVROS"."LIVROS_AUTORES" 
   (	"LIVRO" CHAR(10 CHAR), 
	"AUTOR" CHAR(5 CHAR)
   ) SEGMENT CREATION IMMEDIATE 
  PCTFREE 10 PCTUSED 40 INITRANS 1 MAXTRANS 255 NOCOMPRESS LOGGING
  STORAGE(INITIAL 65536 NEXT 1048576 MINEXTENTS 1 MAXEXTENTS 2147483645
  PCTINCREASE 0 FREELISTS 1 FREELIST GROUPS 1 BUFFER_POOL DEFAULT FLASH_CACHE DEFAULT CELL_FLASH_CACHE DEFAULT)
  TABLESPACE "USERS" ;

   COMMENT ON TABLE "LIVROS"."LIVROS_AUTORES"  IS 'ORIGINAL NAME:Livros-Autores';
--------------------------------------------------------
--  DDL for Table LIVROS_PROMOÇÕES
--------------------------------------------------------

  CREATE TABLE "LIVROS"."LIVROS_PROMOÇÕES" 
   (	"LIVRO" CHAR(10 CHAR), 
	"PROMOÇÃO" CHAR(3 CHAR), 
	"DATA_INÍCIO" DATE, 
	"DATA_FIM" DATE
   ) SEGMENT CREATION IMMEDIATE 
  PCTFREE 10 PCTUSED 40 INITRANS 1 MAXTRANS 255 NOCOMPRESS LOGGING
  STORAGE(INITIAL 65536 NEXT 1048576 MINEXTENTS 1 MAXEXTENTS 2147483645
  PCTINCREASE 0 FREELISTS 1 FREELIST GROUPS 1 BUFFER_POOL DEFAULT FLASH_CACHE DEFAULT CELL_FLASH_CACHE DEFAULT)
  TABLESPACE "USERS" ;

   COMMENT ON COLUMN "LIVROS"."LIVROS_PROMOÇÕES"."DATA_INÍCIO" IS 'ORIGINAL NAME:Data-Início';
   COMMENT ON COLUMN "LIVROS"."LIVROS_PROMOÇÕES"."DATA_FIM" IS 'ORIGINAL NAME:Data-Fim';
   COMMENT ON TABLE "LIVROS"."LIVROS_PROMOÇÕES"  IS 'ORIGINAL NAME:Livros-Promoções';
--------------------------------------------------------
--  DDL for Table LOCAIS_VENDA
--------------------------------------------------------

  CREATE TABLE "LIVROS"."LOCAIS_VENDA" 
   (	"CÓDIGO" NUMBER(10,0), 
	"DESIGNAÇÃO" VARCHAR2(50 CHAR)
   ) SEGMENT CREATION IMMEDIATE 
  PCTFREE 10 PCTUSED 40 INITRANS 1 MAXTRANS 255 NOCOMPRESS LOGGING
  STORAGE(INITIAL 65536 NEXT 1048576 MINEXTENTS 1 MAXEXTENTS 2147483645
  PCTINCREASE 0 FREELISTS 1 FREELIST GROUPS 1 BUFFER_POOL DEFAULT FLASH_CACHE DEFAULT CELL_FLASH_CACHE DEFAULT)
  TABLESPACE "USERS" ;

   COMMENT ON TABLE "LIVROS"."LOCAIS_VENDA"  IS 'ORIGINAL NAME:Locais-Venda';
--------------------------------------------------------
--  DDL for Table LOCALIDADES
--------------------------------------------------------

  CREATE TABLE "LIVROS"."LOCALIDADES" 
   (	"CÓDIGO" CHAR(3 CHAR), 
	"DESIGNAÇÃO" VARCHAR2(50 CHAR)
   ) SEGMENT CREATION IMMEDIATE 
  PCTFREE 10 PCTUSED 40 INITRANS 1 MAXTRANS 255 NOCOMPRESS LOGGING
  STORAGE(INITIAL 65536 NEXT 1048576 MINEXTENTS 1 MAXEXTENTS 2147483645
  PCTINCREASE 0 FREELISTS 1 FREELIST GROUPS 1 BUFFER_POOL DEFAULT FLASH_CACHE DEFAULT CELL_FLASH_CACHE DEFAULT)
  TABLESPACE "USERS" ;
--------------------------------------------------------
--  DDL for Table PAÍSES
--------------------------------------------------------

  CREATE TABLE "LIVROS"."PAÍSES" 
   (	"CÓDIGO" CHAR(3 CHAR), 
	"DESIGNAÇÃO" VARCHAR2(50 CHAR)
   ) SEGMENT CREATION IMMEDIATE 
  PCTFREE 10 PCTUSED 40 INITRANS 1 MAXTRANS 255 NOCOMPRESS LOGGING
  STORAGE(INITIAL 65536 NEXT 1048576 MINEXTENTS 1 MAXEXTENTS 2147483645
  PCTINCREASE 0 FREELISTS 1 FREELIST GROUPS 1 BUFFER_POOL DEFAULT FLASH_CACHE DEFAULT CELL_FLASH_CACHE DEFAULT)
  TABLESPACE "USERS" ;
--------------------------------------------------------
--  DDL for Table PROFISSÕES
--------------------------------------------------------

  CREATE TABLE "LIVROS"."PROFISSÕES" 
   (	"CÓDIGO" NUMBER(10,0), 
	"DESIGNAÇÃO" VARCHAR2(50 CHAR)
   ) SEGMENT CREATION IMMEDIATE 
  PCTFREE 10 PCTUSED 40 INITRANS 1 MAXTRANS 255 NOCOMPRESS LOGGING
  STORAGE(INITIAL 65536 NEXT 1048576 MINEXTENTS 1 MAXEXTENTS 2147483645
  PCTINCREASE 0 FREELISTS 1 FREELIST GROUPS 1 BUFFER_POOL DEFAULT FLASH_CACHE DEFAULT CELL_FLASH_CACHE DEFAULT)
  TABLESPACE "USERS" ;
--------------------------------------------------------
--  DDL for Table PROMOÇÕES
--------------------------------------------------------

  CREATE TABLE "LIVROS"."PROMOÇÕES" 
   (	"CÓDIGO" CHAR(3 CHAR), 
	"DESIGNAÇÃO" VARCHAR2(50 CHAR), 
	"DESCONTO" NUMBER(18,0)
   ) SEGMENT CREATION IMMEDIATE 
  PCTFREE 10 PCTUSED 40 INITRANS 1 MAXTRANS 255 NOCOMPRESS LOGGING
  STORAGE(INITIAL 65536 NEXT 1048576 MINEXTENTS 1 MAXEXTENTS 2147483645
  PCTINCREASE 0 FREELISTS 1 FREELIST GROUPS 1 BUFFER_POOL DEFAULT FLASH_CACHE DEFAULT CELL_FLASH_CACHE DEFAULT)
  TABLESPACE "USERS" ;
--------------------------------------------------------
--  DDL for Table REGIÕES
--------------------------------------------------------

  CREATE TABLE "LIVROS"."REGIÕES" 
   (	"CÓDIGO" CHAR(3 CHAR), 
	"DESCRIÇÃO" VARCHAR2(50 CHAR)
   ) SEGMENT CREATION IMMEDIATE 
  PCTFREE 10 PCTUSED 40 INITRANS 1 MAXTRANS 255 NOCOMPRESS LOGGING
  STORAGE(INITIAL 65536 NEXT 1048576 MINEXTENTS 1 MAXEXTENTS 2147483645
  PCTINCREASE 0 FREELISTS 1 FREELIST GROUPS 1 BUFFER_POOL DEFAULT FLASH_CACHE DEFAULT CELL_FLASH_CACHE DEFAULT)
  TABLESPACE "USERS" ;
--------------------------------------------------------
--  DDL for Table TIPOS
--------------------------------------------------------

  CREATE TABLE "LIVROS"."TIPOS" 
   (	"CÓDIGO" CHAR(1 CHAR), 
	"DESIGNAÇÃO" VARCHAR2(50 CHAR)
   ) SEGMENT CREATION IMMEDIATE 
  PCTFREE 10 PCTUSED 40 INITRANS 1 MAXTRANS 255 NOCOMPRESS LOGGING
  STORAGE(INITIAL 65536 NEXT 1048576 MINEXTENTS 1 MAXEXTENTS 2147483645
  PCTINCREASE 0 FREELISTS 1 FREELIST GROUPS 1 BUFFER_POOL DEFAULT FLASH_CACHE DEFAULT CELL_FLASH_CACHE DEFAULT)
  TABLESPACE "USERS" ;
--------------------------------------------------------
--  DDL for Table TOTAISVENDASDIÁRIASEDITORAS
--------------------------------------------------------

  CREATE TABLE "LIVROS"."TOTAISVENDASDIÁRIASEDITORAS" 
   (	"DATA" CHAR(10 CHAR), 
	"EDITORA" NUMBER(10,0), 
	"VALOR_VENDAS" FLOAT(126)
   ) SEGMENT CREATION IMMEDIATE 
  PCTFREE 10 PCTUSED 40 INITRANS 1 MAXTRANS 255 NOCOMPRESS LOGGING
  STORAGE(INITIAL 65536 NEXT 1048576 MINEXTENTS 1 MAXEXTENTS 2147483645
  PCTINCREASE 0 FREELISTS 1 FREELIST GROUPS 1 BUFFER_POOL DEFAULT FLASH_CACHE DEFAULT CELL_FLASH_CACHE DEFAULT)
  TABLESPACE "USERS" ;

   COMMENT ON COLUMN "LIVROS"."TOTAISVENDASDIÁRIASEDITORAS"."VALOR_VENDAS" IS 'ORIGINAL NAME:Valor-Vendas';
--------------------------------------------------------
--  DDL for Table TOTAISVENDASDIÁRIASGERAL
--------------------------------------------------------

  CREATE TABLE "LIVROS"."TOTAISVENDASDIÁRIASGERAL" 
   (	"DATA" CHAR(10 CHAR), 
	"GERAL" FLOAT(126), 
	"LOJA_CENTRAL" FLOAT(126), 
	"QUIOSQUES" FLOAT(126), 
	"VENDEDORES" FLOAT(126), 
	"LOJA_BAIXA" FLOAT(126)
   ) SEGMENT CREATION IMMEDIATE 
  PCTFREE 10 PCTUSED 40 INITRANS 1 MAXTRANS 255 NOCOMPRESS LOGGING
  STORAGE(INITIAL 65536 NEXT 1048576 MINEXTENTS 1 MAXEXTENTS 2147483645
  PCTINCREASE 0 FREELISTS 1 FREELIST GROUPS 1 BUFFER_POOL DEFAULT FLASH_CACHE DEFAULT CELL_FLASH_CACHE DEFAULT)
  TABLESPACE "USERS" ;

   COMMENT ON COLUMN "LIVROS"."TOTAISVENDASDIÁRIASGERAL"."LOJA_CENTRAL" IS 'ORIGINAL NAME:Loja-Central';
   COMMENT ON COLUMN "LIVROS"."TOTAISVENDASDIÁRIASGERAL"."LOJA_BAIXA" IS 'ORIGINAL NAME:Loja-Baixa';
--------------------------------------------------------
--  DDL for Table TOTAISVENDASDIÁRIASLIVROS
--------------------------------------------------------

  CREATE TABLE "LIVROS"."TOTAISVENDASDIÁRIASLIVROS" 
   (	"DATA" CHAR(10 CHAR), 
	"LIVRO" CHAR(10 CHAR), 
	"VALOR_VENDAS" FLOAT(126)
   ) SEGMENT CREATION IMMEDIATE 
  PCTFREE 10 PCTUSED 40 INITRANS 1 MAXTRANS 255 NOCOMPRESS LOGGING
  STORAGE(INITIAL 65536 NEXT 1048576 MINEXTENTS 1 MAXEXTENTS 2147483645
  PCTINCREASE 0 FREELISTS 1 FREELIST GROUPS 1 BUFFER_POOL DEFAULT FLASH_CACHE DEFAULT CELL_FLASH_CACHE DEFAULT)
  TABLESPACE "USERS" ;

   COMMENT ON COLUMN "LIVROS"."TOTAISVENDASDIÁRIASLIVROS"."VALOR_VENDAS" IS 'ORIGINAL NAME:Valor-Vendas';
--------------------------------------------------------
--  DDL for Table TT_UDFLIVROSDAEDITORA
--------------------------------------------------------

  CREATE GLOBAL TEMPORARY TABLE "LIVROS"."TT_UDFLIVROSDAEDITORA" 
   (	"CÓDIGO" CHAR(10 CHAR), 
	"DESIGNAÇÃO" VARCHAR2(50 CHAR)
   ) ON COMMIT DELETE ROWS ;
--------------------------------------------------------
--  DDL for Table TT_V_LUCROLIVROSEDITORA
--------------------------------------------------------

  CREATE GLOBAL TEMPORARY TABLE "LIVROS"."TT_V_LUCROLIVROSEDITORA" 
   (	"TÍTULO" VARCHAR2(50 BYTE), 
	"VALORLUCRO" NUMBER(19,4), 
	"PERCLUCRO" FLOAT(24)
   ) ON COMMIT DELETE ROWS ;
--------------------------------------------------------
--  DDL for Table VENDAS
--------------------------------------------------------

  CREATE TABLE "LIVROS"."VENDAS" 
   (	"NÚMERO" CHAR(10 CHAR), 
	"DATA" DATE, 
	"CLIENTE" NUMBER(10,0), 
	"FUNCIONÁRIO" NUMBER(10,0), 
	"LOCAL_VENDA" NUMBER(10,0), 
	"TOTAL" NUMBER(19,4), 
	"OBSERVAÇÕES" VARCHAR2(100 CHAR), 
	"DATA_REGISTO" DATE
   ) SEGMENT CREATION IMMEDIATE 
  PCTFREE 10 PCTUSED 40 INITRANS 1 MAXTRANS 255 NOCOMPRESS LOGGING
  STORAGE(INITIAL 65536 NEXT 1048576 MINEXTENTS 1 MAXEXTENTS 2147483645
  PCTINCREASE 0 FREELISTS 1 FREELIST GROUPS 1 BUFFER_POOL DEFAULT FLASH_CACHE DEFAULT CELL_FLASH_CACHE DEFAULT)
  TABLESPACE "USERS" ;

   COMMENT ON COLUMN "LIVROS"."VENDAS"."LOCAL_VENDA" IS 'ORIGINAL NAME:Local-Venda';
   COMMENT ON COLUMN "LIVROS"."VENDAS"."DATA_REGISTO" IS 'ORIGINAL NAME:Data-Registo';
--------------------------------------------------------
--  DDL for Table VENDAS_DETALHES
--------------------------------------------------------

  CREATE TABLE "LIVROS"."VENDAS_DETALHES" 
   (	"NÚMERO" CHAR(10 CHAR), 
	"LINHA" NUMBER(10,0), 
	"LIVRO" CHAR(10 CHAR), 
	"QUANTIDADE" NUMBER(10,0), 
	"PREÇO" NUMBER(19,4), 
	"DESCONTO" NUMBER(18,0), 
	"TOTAL" NUMBER(19,4), 
	"DATA_REGISTO" DATE
   ) SEGMENT CREATION IMMEDIATE 
  PCTFREE 10 PCTUSED 40 INITRANS 1 MAXTRANS 255 NOCOMPRESS LOGGING
  STORAGE(INITIAL 65536 NEXT 1048576 MINEXTENTS 1 MAXEXTENTS 2147483645
  PCTINCREASE 0 FREELISTS 1 FREELIST GROUPS 1 BUFFER_POOL DEFAULT FLASH_CACHE DEFAULT CELL_FLASH_CACHE DEFAULT)
  TABLESPACE "USERS" ;

   COMMENT ON COLUMN "LIVROS"."VENDAS_DETALHES"."DATA_REGISTO" IS 'ORIGINAL NAME:Data-Registo';
   COMMENT ON TABLE "LIVROS"."VENDAS_DETALHES"  IS 'ORIGINAL NAME:Vendas-Detalhes';
--------------------------------------------------------
--  DDL for Table VENDAS_DIÁRIASK1
--------------------------------------------------------

  CREATE TABLE "LIVROS"."VENDAS_DIÁRIASK1" 
   (	"DATA" DATE, 
	"NÚMERO" NUMBER(10,0), 
	"CÓDIGO_LIVRO" CHAR(10 CHAR), 
	"NOME_LIVRO" VARCHAR2(50 CHAR), 
	"ISBN" CHAR(15 CHAR), 
	"QUANTIDADE" NUMBER(10,0), 
	"PREÇO" NUMBER(19,4)
   ) SEGMENT CREATION IMMEDIATE 
  PCTFREE 10 PCTUSED 40 INITRANS 1 MAXTRANS 255 NOCOMPRESS LOGGING
  STORAGE(INITIAL 65536 NEXT 1048576 MINEXTENTS 1 MAXEXTENTS 2147483645
  PCTINCREASE 0 FREELISTS 1 FREELIST GROUPS 1 BUFFER_POOL DEFAULT FLASH_CACHE DEFAULT CELL_FLASH_CACHE DEFAULT)
  TABLESPACE "USERS" ;

   COMMENT ON COLUMN "LIVROS"."VENDAS_DIÁRIASK1"."CÓDIGO_LIVRO" IS 'ORIGINAL NAME:Código-Livro';
   COMMENT ON COLUMN "LIVROS"."VENDAS_DIÁRIASK1"."NOME_LIVRO" IS 'ORIGINAL NAME:Nome-Livro';
   COMMENT ON TABLE "LIVROS"."VENDAS_DIÁRIASK1"  IS 'ORIGINAL NAME:Vendas-DiáriasK1';
--------------------------------------------------------
--  DDL for Table VENDAS_DIÁRIASXEL
--------------------------------------------------------

  CREATE TABLE "LIVROS"."VENDAS_DIÁRIASXEL" 
   (	"DATA" DATE, 
	"NÚMERO" NUMBER(10,0), 
	"CÓDIGO_LIVRO" CHAR(10 CHAR), 
	"NOME_LIVRO" VARCHAR2(50 CHAR), 
	"ISBN" CHAR(15 CHAR), 
	"QUANTIDADE" NUMBER(10,0), 
	"PREÇO" NUMBER(19,4)
   ) SEGMENT CREATION IMMEDIATE 
  PCTFREE 10 PCTUSED 40 INITRANS 1 MAXTRANS 255 NOCOMPRESS LOGGING
  STORAGE(INITIAL 65536 NEXT 1048576 MINEXTENTS 1 MAXEXTENTS 2147483645
  PCTINCREASE 0 FREELISTS 1 FREELIST GROUPS 1 BUFFER_POOL DEFAULT FLASH_CACHE DEFAULT CELL_FLASH_CACHE DEFAULT)
  TABLESPACE "USERS" ;

   COMMENT ON COLUMN "LIVROS"."VENDAS_DIÁRIASXEL"."CÓDIGO_LIVRO" IS 'ORIGINAL NAME:Código-Livro';
   COMMENT ON COLUMN "LIVROS"."VENDAS_DIÁRIASXEL"."NOME_LIVRO" IS 'ORIGINAL NAME:Nome-Livro';
   COMMENT ON TABLE "LIVROS"."VENDAS_DIÁRIASXEL"  IS 'ORIGINAL NAME:Vendas-DiáriasXEl';
--------------------------------------------------------
--  DDL for Table VENDEDORES_VENDAS
--------------------------------------------------------

  CREATE TABLE "LIVROS"."VENDEDORES_VENDAS" 
   (	"VENDEDOR" CHAR(3 CHAR), 
	"NÚMERO" CHAR(10 CHAR), 
	"DATA" DATE, 
	"CLIENTE" NUMBER(10,0), 
	"OBSERVAÇÕES" NVARCHAR2(100)
   ) SEGMENT CREATION IMMEDIATE 
  PCTFREE 10 PCTUSED 40 INITRANS 1 MAXTRANS 255 NOCOMPRESS LOGGING
  STORAGE(INITIAL 65536 NEXT 1048576 MINEXTENTS 1 MAXEXTENTS 2147483645
  PCTINCREASE 0 FREELISTS 1 FREELIST GROUPS 1 BUFFER_POOL DEFAULT FLASH_CACHE DEFAULT CELL_FLASH_CACHE DEFAULT)
  TABLESPACE "USERS" ;

   COMMENT ON TABLE "LIVROS"."VENDEDORES_VENDAS"  IS 'ORIGINAL NAME:Vendedores-Vendas';
--------------------------------------------------------
--  DDL for Table VENDEDORES_VENDAS_DETALHES
--------------------------------------------------------

  CREATE TABLE "LIVROS"."VENDEDORES_VENDAS_DETALHES" 
   (	"VENDEDOR" CHAR(3 CHAR), 
	"NÚMERO" NUMBER(10,0), 
	"LINHA" NUMBER(10,0), 
	"LIVRO" CHAR(10 CHAR), 
	"QUANTIDADE" NUMBER(10,0), 
	"PREÇO" NUMBER(19,4), 
	"DESCONTO" NUMBER(18,0), 
	"TOTAL" NUMBER(19,4)
   ) SEGMENT CREATION IMMEDIATE 
  PCTFREE 10 PCTUSED 40 INITRANS 1 MAXTRANS 255 NOCOMPRESS LOGGING
  STORAGE(INITIAL 65536 NEXT 1048576 MINEXTENTS 1 MAXEXTENTS 2147483645
  PCTINCREASE 0 FREELISTS 1 FREELIST GROUPS 1 BUFFER_POOL DEFAULT FLASH_CACHE DEFAULT CELL_FLASH_CACHE DEFAULT)
  TABLESPACE "USERS" ;

   COMMENT ON TABLE "LIVROS"."VENDEDORES_VENDAS_DETALHES"  IS 'ORIGINAL NAME:Vendedores-Vendas-Detalhes';
--------------------------------------------------------
--  DDL for View VW_CONTACTOS_AUTORES
--------------------------------------------------------

  CREATE OR REPLACE FORCE VIEW "LIVROS"."VW_CONTACTOS_AUTORES" ("CÓDIGO", "NOME", "TELEFONE", "FAX", "EMAIL") AS 
  SELECT Código ,
          Nome ,
          Telefone ,
          Fax ,
          eMail 
     FROM Autores;
--------------------------------------------------------
--  DDL for View VW_CONTACTOS_AUTORES_TOP_25_LI
--------------------------------------------------------

  CREATE OR REPLACE FORCE VIEW "LIVROS"."VW_CONTACTOS_AUTORES_TOP_25_LI" ("CÓDIGO", "NOME", "TELEFONE", "FAX", "EMAIL", "LIVRO") AS 
  SELECT V1."CÓDIGO",V1."NOME",V1."TELEFONE",V1."FAX",V1."EMAIL" ,
          V2.Código Livro  
     FROM vw_contactos_autores V1
            JOIN Livros_Autores LA   ON V1.Código = LA.Autor
            JOIN vw_top_25_livros_até_hoje V2   ON LA.Livro = V2.Código;
--------------------------------------------------------
--  DDL for View VW_LIVROS_EDITORAS
--------------------------------------------------------

  CREATE OR REPLACE FORCE VIEW "LIVROS"."VW_LIVROS_EDITORAS" ("EDITORA", "CÓDIGO", "DESIGNAÇÃO", "DATA_PUBLICAÇÃO") AS 
  SELECT ED.Designação Editora  ,
          LI.Código ,
          LI.Designação ,
          LI.Data_Publicação 
     FROM Livros LI
            JOIN Editoras ED   ON LI.Editora = ED.Número;
--------------------------------------------------------
--  DDL for View VW_PREÇOS_VENDA_LIVROS
--------------------------------------------------------

  CREATE OR REPLACE FORCE VIEW "LIVROS"."VW_PREÇOS_VENDA_LIVROS" ("CÓDIGO", "DESIGNAÇÃO", "PREÇO") AS 
  SELECT Código ,
          Designação ,
          Preço_Venda Preço  
     FROM Livros;
--------------------------------------------------------
--  DDL for View VW_TOP_25_LIVROS_ATÉ_HOJE
--------------------------------------------------------

  CREATE OR REPLACE FORCE VIEW "LIVROS"."VW_TOP_25_LIVROS_ATÉ_HOJE" ("CÓDIGO", "TÍTULO", "UNIDADES_VENDIDAS_ATÉ_HOJE") AS 
  SELECT "CÓDIGO","DESIGNAÇÃO","COUNT(*)" 
     FROM ( SELECT LI.Código ,
                   LI.Designação ,
                   COUNT(*)  
     FROM Vendas_Detalhes VD
            JOIN Livros LI   ON VD.Livro = LI.Código
     GROUP BY LI.Código,LI.Designação
     ORDER BY COUNT(*)  DESC )
     WHERE ROWNUM <= 25;
--------------------------------------------------------
--  DDL for View VW_VENDAS_EDITORAS_HOJE
--------------------------------------------------------

  CREATE OR REPLACE FORCE VIEW "LIVROS"."VW_VENDAS_EDITORAS_HOJE" ("EDITORA", "TOTAL_EDITORA", "NRLIVROS") AS 
  SELECT LI.Editora ,
          SUM(VE.Total)  ,
          COUNT(VD.Quantidade)  
     FROM ( Vendas VE
            JOIN Vendas_Detalhes VD   ON VE.Número = VD.Número
             ) 
            JOIN Livros LI   ON VD.Livro = LI.Código
     WHERE UTILS.CONVERT_TO_NVARCHAR2(VE.Data,22,p_style=>111) = UTILS.CONVERT_TO_NVARCHAR2(SYSDATE,22,p_style=>111)
     GROUP BY LI.Editora;
REM INSERTING into LIVROS.ANOMALIAS
SET DEFINE OFF;
REM INSERTING into LIVROS.AUDITORIA_VENDAS_DIÁRIAS
SET DEFINE OFF;
REM INSERTING into LIVROS.AUTORES
SET DEFINE OFF;
Insert into LIVROS.AUTORES (CÓDIGO,NOME,TIPO,RUA,LOCALIDADE,CÓDIGO_POSTAL,PAÍS,TELEFONE,FAX,EMAIL,PROFISSÃO) values ('1    ','Cunha Barros','T','Moinho do Monte','LIS','9999-99 Lisboa','Portugal','21880996','+35121123456','cbar@mail.ll.pt','7');
Insert into LIVROS.AUTORES (CÓDIGO,NOME,TIPO,RUA,LOCALIDADE,CÓDIGO_POSTAL,PAÍS,TELEFONE,FAX,EMAIL,PROFISSÃO) values ('10   ','Gabriela Maria','D','Costa Cabral','DIL','0012-01 Dili','Timor','3333',null,'gabi@mail.east.tir','11');
Insert into LIVROS.AUTORES (CÓDIGO,NOME,TIPO,RUA,LOCALIDADE,CÓDIGO_POSTAL,PAÍS,TELEFONE,FAX,EMAIL,PROFISSÃO) values ('1000 ','João Castro',null,null,null,null,null,null,null,null,null);
Insert into LIVROS.AUTORES (CÓDIGO,NOME,TIPO,RUA,LOCALIDADE,CÓDIGO_POSTAL,PAÍS,TELEFONE,FAX,EMAIL,PROFISSÃO) values ('11   ','Carlos Costa Castro','T','Padre Américo','CBR','6666-69 Castelo Branco','Portugal','687543980','+351687425764','cccastro@mail.ll.pt','7');
Insert into LIVROS.AUTORES (CÓDIGO,NOME,TIPO,RUA,LOCALIDADE,CÓDIGO_POSTAL,PAÍS,TELEFONE,FAX,EMAIL,PROFISSÃO) values ('12   ','Mia Montes','R','Conde de Agramonte',null,'4444-41 Braga','Portugal','253884605','+351253654987','miam@mail.ups.pt','1');
Insert into LIVROS.AUTORES (CÓDIGO,NOME,TIPO,RUA,LOCALIDADE,CÓDIGO_POSTAL,PAÍS,TELEFONE,FAX,EMAIL,PROFISSÃO) values ('13   ','Alfredo Pessoa','M','Praça dos Congregados','POR','8888-81 Porto','Portugal','22405666','+351221563005','apessoa@mail.II.pt','7');
Insert into LIVROS.AUTORES (CÓDIGO,NOME,TIPO,RUA,LOCALIDADE,CÓDIGO_POSTAL,PAÍS,TELEFONE,FAX,EMAIL,PROFISSÃO) values ('14   ','Manuel Júdice','M','Doutor Eça dos Reis','COI','3333-32 Coimbra','Portugal','239532556','+351239532557',null,'2');
Insert into LIVROS.AUTORES (CÓDIGO,NOME,TIPO,RUA,LOCALIDADE,CÓDIGO_POSTAL,PAÍS,TELEFONE,FAX,EMAIL,PROFISSÃO) values ('15   ','Maria Filomena Granja','D','Praça das Memórias','SSB','CEP 4141412','Brasil',null,null,'filo@mail.re.pt','7');
Insert into LIVROS.AUTORES (CÓDIGO,NOME,TIPO,RUA,LOCALIDADE,CÓDIGO_POSTAL,PAÍS,TELEFONE,FAX,EMAIL,PROFISSÃO) values ('16   ','Rosa Antunes','R','Cruz Quebrada','BRA','4444-48 Braga','Portugal','253405536','+351253405538',null,'11');
Insert into LIVROS.AUTORES (CÓDIGO,NOME,TIPO,RUA,LOCALIDADE,CÓDIGO_POSTAL,PAÍS,TELEFONE,FAX,EMAIL,PROFISSÃO) values ('17   ','António Gordo','T','Av. da Liberdade','EVO','8585-01 Évora','Portugal',null,null,null,'9');
Insert into LIVROS.AUTORES (CÓDIGO,NOME,TIPO,RUA,LOCALIDADE,CÓDIGO_POSTAL,PAÍS,TELEFONE,FAX,EMAIL,PROFISSÃO) values ('18   ','Andreia Formiga','I','Padre Fernando Outeiro','COI','3333-33 Coimbra','Portugal','239542884','+351239542885',null,'1');
Insert into LIVROS.AUTORES (CÓDIGO,NOME,TIPO,RUA,LOCALIDADE,CÓDIGO_POSTAL,PAÍS,TELEFONE,FAX,EMAIL,PROFISSÃO) values ('19   ','Zeca Antunes','H','Av. das Tílias','BRA','4444-40 Braga','Portugal','253665541','+351253665542','zecaAnt@mail.OO.pt','13');
Insert into LIVROS.AUTORES (CÓDIGO,NOME,TIPO,RUA,LOCALIDADE,CÓDIGO_POSTAL,PAÍS,TELEFONE,FAX,EMAIL,PROFISSÃO) values ('2    ','Silva Tosta','D','Rio Agitado','POR','8888-88 Porto','Portugal','---',null,'STosta@mail.ll.pt','8');
Insert into LIVROS.AUTORES (CÓDIGO,NOME,TIPO,RUA,LOCALIDADE,CÓDIGO_POSTAL,PAÍS,TELEFONE,FAX,EMAIL,PROFISSÃO) values ('20   ','Amélia de Castro','I','Praça das Perâs','COI','3333-30 Coimbra','Portugal','239577400','+351239577401','acastro@mail.OO.pt','1');
Insert into LIVROS.AUTORES (CÓDIGO,NOME,TIPO,RUA,LOCALIDADE,CÓDIGO_POSTAL,PAÍS,TELEFONE,FAX,EMAIL,PROFISSÃO) values ('21   ','Maria Silva','T','Rua das Camálias','AVE','7777-70 Aveiro','Portugal','234511232','+351','msilva@av.mail.II.pt','9');
Insert into LIVROS.AUTORES (CÓDIGO,NOME,TIPO,RUA,LOCALIDADE,CÓDIGO_POSTAL,PAÍS,TELEFONE,FAX,EMAIL,PROFISSÃO) values ('22   ','Miguel Pessoa','R','Praça das Almas','COI','3333-38 Coimbra','Portugal','78932156',null,'pessoa@mail.UU.pt','10');
Insert into LIVROS.AUTORES (CÓDIGO,NOME,TIPO,RUA,LOCALIDADE,CÓDIGO_POSTAL,PAÍS,TELEFONE,FAX,EMAIL,PROFISSÃO) values ('23   ','Amélia Torcato','D','Av. da Concórdia','RJA','CEP 8888855',null,null,null,'ameliaT@mail.YY.br','1');
Insert into LIVROS.AUTORES (CÓDIGO,NOME,TIPO,RUA,LOCALIDADE,CÓDIGO_POSTAL,PAÍS,TELEFONE,FAX,EMAIL,PROFISSÃO) values ('24   ','Américo Tomás','M','Av. das Forças Armadas','POR','8888-85 Porto','Portugal','22553695',null,'atomas@mail.II.pt','14');
Insert into LIVROS.AUTORES (CÓDIGO,NOME,TIPO,RUA,LOCALIDADE,CÓDIGO_POSTAL,PAÍS,TELEFONE,FAX,EMAIL,PROFISSÃO) values ('25   ','Francisco Miguel Fernandes','D','Rua das Congregações','LIS','9999-96 Lisboa','Portugal','215636387',null,'ffernandes@gmail.UU.pt','7');
Insert into LIVROS.AUTORES (CÓDIGO,NOME,TIPO,RUA,LOCALIDADE,CÓDIGO_POSTAL,PAÍS,TELEFONE,FAX,EMAIL,PROFISSÃO) values ('3    ','João Sousa e Castro','R','Canal Alagado','AVE','7777-77 Aveiro','Portugal','234708566',null,null,'7');
Insert into LIVROS.AUTORES (CÓDIGO,NOME,TIPO,RUA,LOCALIDADE,CÓDIGO_POSTAL,PAÍS,TELEFONE,FAX,EMAIL,PROFISSÃO) values ('4    ','Victor Araújo','R','Av. Salgado Telha','DIL','0012-01 Dili',null,'3301',null,null,'10');
Insert into LIVROS.AUTORES (CÓDIGO,NOME,TIPO,RUA,LOCALIDADE,CÓDIGO_POSTAL,PAÍS,TELEFONE,FAX,EMAIL,PROFISSÃO) values ('5    ','Carlos Horta','T','Av. Liberdade,123',null,'4700-012 Braga','Portugal','+351253457656','+351253457657','Carlos.Horta@mail.pt','8');
Insert into LIVROS.AUTORES (CÓDIGO,NOME,TIPO,RUA,LOCALIDADE,CÓDIGO_POSTAL,PAÍS,TELEFONE,FAX,EMAIL,PROFISSÃO) values ('6    ','Manuel da Rosa','R','Praça dos Libertadores','SSB','CEP 1199685',null,null,null,null,'10');
Insert into LIVROS.AUTORES (CÓDIGO,NOME,TIPO,RUA,LOCALIDADE,CÓDIGO_POSTAL,PAÍS,TELEFONE,FAX,EMAIL,PROFISSÃO) values ('7    ','Alcides dos Anjos','E','Praceta das Gaivotas','SSB','CEP 1199685',null,null,null,null,'8');
Insert into LIVROS.AUTORES (CÓDIGO,NOME,TIPO,RUA,LOCALIDADE,CÓDIGO_POSTAL,PAÍS,TELEFONE,FAX,EMAIL,PROFISSÃO) values ('8    ','Adolfo Ferreira','F','Av. Moutinho da Silva','FAR','5555-51 Faro','Portugal','289544177',null,'adolfo@mail.ll.pt','8');
Insert into LIVROS.AUTORES (CÓDIGO,NOME,TIPO,RUA,LOCALIDADE,CÓDIGO_POSTAL,PAÍS,TELEFONE,FAX,EMAIL,PROFISSÃO) values ('9    ','Rita Campos Pádua','P','Av. Cunha Cabral','RJA','CEP 78106',null,'---',null,'rcp@mail.ah.br','12');
REM INSERTING into LIVROS.AUTORES_POTENCIAIS
SET DEFINE OFF;
Insert into LIVROS.AUTORES_POTENCIAIS (NÚMERO,NOME,RUA,LOCALIDADE,CÓDIGO_POSTAL,TELEFONE,FAX,EMAIL,PROFISSÃO,ESTADO) values ('RP345','João Castro Bragança',null,null,null,null,null,'jcbra@llmail.pt','1','A');
Insert into LIVROS.AUTORES_POTENCIAIS (NÚMERO,NOME,RUA,LOCALIDADE,CÓDIGO_POSTAL,TELEFONE,FAX,EMAIL,PROFISSÃO,ESTADO) values ('SE521','Frederico Pego',null,null,null,null,null,'fpego@llmail.pt','2','A');
REM INSERTING into LIVROS.CLASSES
SET DEFINE OFF;
Insert into LIVROS.CLASSES (CÓDIGO,DESIGNAÇÃO) values ('A','Excelente');
Insert into LIVROS.CLASSES (CÓDIGO,DESIGNAÇÃO) values ('B','Muito Bom');
Insert into LIVROS.CLASSES (CÓDIGO,DESIGNAÇÃO) values ('C','Bom');
Insert into LIVROS.CLASSES (CÓDIGO,DESIGNAÇÃO) values ('D','Razoável');
Insert into LIVROS.CLASSES (CÓDIGO,DESIGNAÇÃO) values ('E','Sem apreciação');
REM INSERTING into LIVROS.CLIENTES
SET DEFINE OFF;
Insert into LIVROS.CLIENTES (NÚMERO,NOME,CONTRIBUINTE,TELEFONE,FAX,EMAIL,CLASSE,TIPO,VALOR_ACUMULADO_COMPRAS,LOCALIDADE,REGIÃO,PROFISSÃO) values ('1','Amaro Silva','105211111','22536999','22536900','asilva@mail.opt.pt','D','O',null,'POR','PEA','15');
Insert into LIVROS.CLIENTES (NÚMERO,NOME,CONTRIBUINTE,TELEFONE,FAX,EMAIL,CLASSE,TIPO,VALOR_ACUMULADO_COMPRAS,LOCALIDADE,REGIÃO,PROFISSÃO) values ('6','Luísa Pires Cabral','222285222','234500621',null,'lpcabral@mail.UU.pt','D','O',null,'AVE','RCL','19');
Insert into LIVROS.CLIENTES (NÚMERO,NOME,CONTRIBUINTE,TELEFONE,FAX,EMAIL,CLASSE,TIPO,VALOR_ACUMULADO_COMPRAS,LOCALIDADE,REGIÃO,PROFISSÃO) values ('7','Tiago Leite de Almeida','345633333','22555601','22555600','leiteAlm@mail.opt.pt','D','O',null,'POR','PEA','1');
Insert into LIVROS.CLIENTES (NÚMERO,NOME,CONTRIBUINTE,TELEFONE,FAX,EMAIL,CLASSE,TIPO,VALOR_ACUMULADO_COMPRAS,LOCALIDADE,REGIÃO,PROFISSÃO) values ('8','Carla Sofia Pinto','777799847','266908555','266908556','carla.sofia.pinto@mail.II.pt','C','O',null,'EVO','RCA','2');
Insert into LIVROS.CLIENTES (NÚMERO,NOME,CONTRIBUINTE,TELEFONE,FAX,EMAIL,CLASSE,TIPO,VALOR_ACUMULADO_COMPRAS,LOCALIDADE,REGIÃO,PROFISSÃO) values ('15','Lídia Ribeiro dos Santos','442365444','21740555',null,'lribsantos@mail.UU.pt','E','F',null,'SET','LVT','15');
Insert into LIVROS.CLIENTES (NÚMERO,NOME,CONTRIBUINTE,TELEFONE,FAX,EMAIL,CLASSE,TIPO,VALOR_ACUMULADO_COMPRAS,LOCALIDADE,REGIÃO,PROFISSÃO) values ('17','Manuel Salvador Silva','999111881','21405886',null,'salv.silva@mail.opt.pt','A','O',null,'LIS','LVT','17');
Insert into LIVROS.CLIENTES (NÚMERO,NOME,CONTRIBUINTE,TELEFONE,FAX,EMAIL,CLASSE,TIPO,VALOR_ACUMULADO_COMPRAS,LOCALIDADE,REGIÃO,PROFISSÃO) values ('18','Henrique Pinto Correia','111111008','21654700','21654701','henrique.pcorreia@mail.II.pt','B','O',null,'LIS','LVT','1');
Insert into LIVROS.CLIENTES (NÚMERO,NOME,CONTRIBUINTE,TELEFONE,FAX,EMAIL,CLASSE,TIPO,VALOR_ACUMULADO_COMPRAS,LOCALIDADE,REGIÃO,PROFISSÃO) values ('19','Claúdia Vanessa Silva Cordeiro','118888444','22445087',null,'claudia.cordeiro@mail.UU.pt','B','F',null,'POR','PEA','1');
Insert into LIVROS.CLIENTES (NÚMERO,NOME,CONTRIBUINTE,TELEFONE,FAX,EMAIL,CLASSE,TIPO,VALOR_ACUMULADO_COMPRAS,LOCALIDADE,REGIÃO,PROFISSÃO) values ('20','José Miguel Cortes','206336633','253660854','253660855','mcortes@mail.II.pt','C','O',null,'BRA','MIN','2');
Insert into LIVROS.CLIENTES (NÚMERO,NOME,CONTRIBUINTE,TELEFONE,FAX,EMAIL,CLASSE,TIPO,VALOR_ACUMULADO_COMPRAS,LOCALIDADE,REGIÃO,PROFISSÃO) values ('21','Alberto Manuel Simões de Andrade','365200487','21755966',null,null,'A','F',null,'SET','LVT','7');
Insert into LIVROS.CLIENTES (NÚMERO,NOME,CONTRIBUINTE,TELEFONE,FAX,EMAIL,CLASSE,TIPO,VALOR_ACUMULADO_COMPRAS,LOCALIDADE,REGIÃO,PROFISSÃO) values ('22','Maria João Furtado','888877044','22864975',null,null,'B','O',null,'POR','PEA','18');
Insert into LIVROS.CLIENTES (NÚMERO,NOME,CONTRIBUINTE,TELEFONE,FAX,EMAIL,CLASSE,TIPO,VALOR_ACUMULADO_COMPRAS,LOCALIDADE,REGIÃO,PROFISSÃO) values ('24','Sofia Cardoso Antunes','220346565','21456889','21456888',null,'A','F',null,'LIS','LVT','8');
Insert into LIVROS.CLIENTES (NÚMERO,NOME,CONTRIBUINTE,TELEFONE,FAX,EMAIL,CLASSE,TIPO,VALOR_ACUMULADO_COMPRAS,LOCALIDADE,REGIÃO,PROFISSÃO) values ('25','Marco António Simões','752941110','253409969','253409970',null,'B','F',null,'BRA','MIN','19');
Insert into LIVROS.CLIENTES (NÚMERO,NOME,CONTRIBUINTE,TELEFONE,FAX,EMAIL,CLASSE,TIPO,VALOR_ACUMULADO_COMPRAS,LOCALIDADE,REGIÃO,PROFISSÃO) values ('26','Maria Teresa Rodrigues','444044421','289603552','289603553',null,'C','F',null,'FAR','RLA','16');
Insert into LIVROS.CLIENTES (NÚMERO,NOME,CONTRIBUINTE,TELEFONE,FAX,EMAIL,CLASSE,TIPO,VALOR_ACUMULADO_COMPRAS,LOCALIDADE,REGIÃO,PROFISSÃO) values ('27','Guilherme Luís Montes','506421004','275402636','275402637',null,'C','O',null,'CBR','RBI','1');
Insert into LIVROS.CLIENTES (NÚMERO,NOME,CONTRIBUINTE,TELEFONE,FAX,EMAIL,CLASSE,TIPO,VALOR_ACUMULADO_COMPRAS,LOCALIDADE,REGIÃO,PROFISSÃO) values ('28','Fernando Campos Pessoa','909996642','239532666',null,null,'D','O',null,'COI','RCI','1');
Insert into LIVROS.CLIENTES (NÚMERO,NOME,CONTRIBUINTE,TELEFONE,FAX,EMAIL,CLASSE,TIPO,VALOR_ACUMULADO_COMPRAS,LOCALIDADE,REGIÃO,PROFISSÃO) values ('29','Margarida Lencastre','665327811','234401401',null,null,'E','O',null,'AVE','RCL','11');
Insert into LIVROS.CLIENTES (NÚMERO,NOME,CONTRIBUINTE,TELEFONE,FAX,EMAIL,CLASSE,TIPO,VALOR_ACUMULADO_COMPRAS,LOCALIDADE,REGIÃO,PROFISSÃO) values ('30','Inês Correia Lopes','122333055','253606333',null,null,'C','O',null,'BRA','MIN','18');
Insert into LIVROS.CLIENTES (NÚMERO,NOME,CONTRIBUINTE,TELEFONE,FAX,EMAIL,CLASSE,TIPO,VALOR_ACUMULADO_COMPRAS,LOCALIDADE,REGIÃO,PROFISSÃO) values ('31','João Manuel Fonseca','300256522','21333568',null,null,'B','O',null,'LIS','LVT','15');
REM INSERTING into LIVROS.COLECÇÕES
SET DEFINE OFF;
Insert into LIVROS.COLECÇÕES (CÓDIGO,DESIGNAÇÃO,TIPO) values ('A  ','Colecção Medicina Moderna','T');
Insert into LIVROS.COLECÇÕES (CÓDIGO,DESIGNAÇÃO,TIPO) values ('B  ','Jovens Novelistas','R');
Insert into LIVROS.COLECÇÕES (CÓDIGO,DESIGNAÇÃO,TIPO) values ('C  ','Romances de uma Vida','R');
Insert into LIVROS.COLECÇÕES (CÓDIGO,DESIGNAÇÃO,TIPO) values ('D  ','Colecção Mistérios por desvendar','M');
Insert into LIVROS.COLECÇÕES (CÓDIGO,DESIGNAÇÃO,TIPO) values ('E  ','Colecção Faca e Garfo','T');
Insert into LIVROS.COLECÇÕES (CÓDIGO,DESIGNAÇÃO,TIPO) values ('F  ','Colecção A Formiguinha','I');
Insert into LIVROS.COLECÇÕES (CÓDIGO,DESIGNAÇÃO,TIPO) values ('G  ','Colecção o Prazer da Leitura','D');
REM INSERTING into LIVROS.DTPROPERTIES
SET DEFINE OFF;
Insert into LIVROS.DTPROPERTIES (ID,OBJECTID,PROPERTY,VALUE,UVALUE,VERSION) values ('1','1','DtgSchemaOBJECT',null,null,'0');
Insert into LIVROS.DTPROPERTIES (ID,OBJECTID,PROPERTY,VALUE,UVALUE,VERSION) values ('2','1','DtgSchemaGUID','{EA3E6268-D998-11CE-9454-00AA00A3F36E}','{EA3E6268-D998-11CE-9454-00AA00A3F36E}','0');
Insert into LIVROS.DTPROPERTIES (ID,OBJECTID,PROPERTY,VALUE,UVALUE,VERSION) values ('3','1','DtgSchemaNAME','Livro&Livro','Livro&Livro','0');
Insert into LIVROS.DTPROPERTIES (ID,OBJECTID,PROPERTY,VALUE,UVALUE,VERSION) values ('4','1','DtgDSRefBYTES','1250','1250','74');
Insert into LIVROS.DTPROPERTIES (ID,OBJECTID,PROPERTY,VALUE,UVALUE,VERSION) values ('5','1','DtgDSRefDATA',null,null,'74');
Insert into LIVROS.DTPROPERTIES (ID,OBJECTID,PROPERTY,VALUE,UVALUE,VERSION) values ('6','1','DtgSchemaBYTES','43520','43520','74');
Insert into LIVROS.DTPROPERTIES (ID,OBJECTID,PROPERTY,VALUE,UVALUE,VERSION) values ('7','1','DtgSchemaDATA',null,null,'74');
Insert into LIVROS.DTPROPERTIES (ID,OBJECTID,PROPERTY,VALUE,UVALUE,VERSION) values ('15','15','DtgSchemaOBJECT',null,null,'0');
Insert into LIVROS.DTPROPERTIES (ID,OBJECTID,PROPERTY,VALUE,UVALUE,VERSION) values ('16','15','DtgSchemaGUID','{EA3E6268-D998-11CE-9454-00AA00A3F36E}','{EA3E6268-D998-11CE-9454-00AA00A3F36E}','0');
Insert into LIVROS.DTPROPERTIES (ID,OBJECTID,PROPERTY,VALUE,UVALUE,VERSION) values ('17','15','DtgSchemaNAME','default','default','0');
Insert into LIVROS.DTPROPERTIES (ID,OBJECTID,PROPERTY,VALUE,UVALUE,VERSION) values ('18','15','DtgDSRefBYTES','986','986','2');
Insert into LIVROS.DTPROPERTIES (ID,OBJECTID,PROPERTY,VALUE,UVALUE,VERSION) values ('19','15','DtgDSRefDATA',null,null,'2');
Insert into LIVROS.DTPROPERTIES (ID,OBJECTID,PROPERTY,VALUE,UVALUE,VERSION) values ('20','15','DtgSchemaBYTES','33280','33280','2');
Insert into LIVROS.DTPROPERTIES (ID,OBJECTID,PROPERTY,VALUE,UVALUE,VERSION) values ('21','15','DtgSchemaDATA',null,null,'2');
REM INSERTING into LIVROS.EDITORAS
SET DEFINE OFF;
Insert into LIVROS.EDITORAS (NÚMERO,DESIGNAÇÃO,CONTACTO,RUA,LOCALIDADE,CÓDIGO_POSTAL,PAÍS) values ('1','Editora Bracara   ','253123789','Carmo     ','BRA','4704                     ','POR');
Insert into LIVROS.EDITORAS (NÚMERO,DESIGNAÇÃO,CONTACTO,RUA,LOCALIDADE,CÓDIGO_POSTAL,PAÍS) values ('2','Pensar    ','22055040','Melro     ','POR','5520                     ','POR');
Insert into LIVROS.EDITORAS (NÚMERO,DESIGNAÇÃO,CONTACTO,RUA,LOCALIDADE,CÓDIGO_POSTAL,PAÍS) values ('3','Lisboa    ','21708999','Aliança   ','LIS','2255                     ','POR');
Insert into LIVROS.EDITORAS (NÚMERO,DESIGNAÇÃO,CONTACTO,RUA,LOCALIDADE,CÓDIGO_POSTAL,PAÍS) values ('4','Liberdade ','+670 387 232 621','Camões    ','DIL','1000                     ','TIM');
Insert into LIVROS.EDITORAS (NÚMERO,DESIGNAÇÃO,CONTACTO,RUA,LOCALIDADE,CÓDIGO_POSTAL,PAÍS) values ('5','Editorial Verso','202356990','Abrantes  ','EVO','1260                     ','POR');
Insert into LIVROS.EDITORAS (NÚMERO,DESIGNAÇÃO,CONTACTO,RUA,LOCALIDADE,CÓDIGO_POSTAL,PAÍS) values ('6','Brasil    ','+55 11 123 456','Cabral    ','SPA','CEP 55897-754            ','BRA');
Insert into LIVROS.EDITORAS (NÚMERO,DESIGNAÇÃO,CONTACTO,RUA,LOCALIDADE,CÓDIGO_POSTAL,PAÍS) values ('7','África    ','+2446 305 080','Luz       ','LUA','5077                     ','ANG');
Insert into LIVROS.EDITORAS (NÚMERO,DESIGNAÇÃO,CONTACTO,RUA,LOCALIDADE,CÓDIGO_POSTAL,PAÍS) values ('8','Carioca   ','+55 77 546 312','América   ','RJA','CEP 78911-666            ','BRA');
Insert into LIVROS.EDITORAS (NÚMERO,DESIGNAÇÃO,CONTACTO,RUA,LOCALIDADE,CÓDIGO_POSTAL,PAÍS) values ('9','Gaivota   ','+55 75 387 3071','Conquista ','SSB','CEP 41650-120            ','BRA');
REM INSERTING into LIVROS.FUNCIONÁRIOS
SET DEFINE OFF;
Insert into LIVROS.FUNCIONÁRIOS (NÚMERO,NOME,FUNÇÃO,SALÁRIO,DATA_NASCIMENTO,BI) values ('1','Francisco Lopes','1  ','1000',to_date('75.02.11','RR.MM.DD'),'11112222');
Insert into LIVROS.FUNCIONÁRIOS (NÚMERO,NOME,FUNÇÃO,SALÁRIO,DATA_NASCIMENTO,BI) values ('2','Joana Cristina Silva','2  ','2500',to_date('79.05.18','RR.MM.DD'),'22233445');
Insert into LIVROS.FUNCIONÁRIOS (NÚMERO,NOME,FUNÇÃO,SALÁRIO,DATA_NASCIMENTO,BI) values ('3','José António Castro','1  ','1250',to_date('82.04.18','RR.MM.DD'),'88004404');
Insert into LIVROS.FUNCIONÁRIOS (NÚMERO,NOME,FUNÇÃO,SALÁRIO,DATA_NASCIMENTO,BI) values ('4','Ana Maria Leite Santos','1  ','1000',to_date('86.01.27','RR.MM.DD'),'47511111');
Insert into LIVROS.FUNCIONÁRIOS (NÚMERO,NOME,FUNÇÃO,SALÁRIO,DATA_NASCIMENTO,BI) values ('5','Carla Sofia Tomé','2  ','2300',to_date('80.04.25','RR.MM.DD'),'14555553');
Insert into LIVROS.FUNCIONÁRIOS (NÚMERO,NOME,FUNÇÃO,SALÁRIO,DATA_NASCIMENTO,BI) values ('6','Maria Augusta Lima','3  ','3000',to_date('73.02.02','RR.MM.DD'),'78500055');
Insert into LIVROS.FUNCIONÁRIOS (NÚMERO,NOME,FUNÇÃO,SALÁRIO,DATA_NASCIMENTO,BI) values ('7','Horácio Pires de Lima','2  ','2500',to_date('85.07.16','RR.MM.DD'),'11227777');
Insert into LIVROS.FUNCIONÁRIOS (NÚMERO,NOME,FUNÇÃO,SALÁRIO,DATA_NASCIMENTO,BI) values ('8','Teresa dos Santos Antunes','1  ','1000',to_date('83.06.18','RR.MM.DD'),'14005555');
Insert into LIVROS.FUNCIONÁRIOS (NÚMERO,NOME,FUNÇÃO,SALÁRIO,DATA_NASCIMENTO,BI) values ('9','João Manuel Lourenço','2  ','2500',to_date('77.08.23','RR.MM.DD'),'78880055');
Insert into LIVROS.FUNCIONÁRIOS (NÚMERO,NOME,FUNÇÃO,SALÁRIO,DATA_NASCIMENTO,BI) values ('10','Márcio André Pereira','1  ','1000',to_date('85.03.19','RR.MM.DD'),'21119966');
Insert into LIVROS.FUNCIONÁRIOS (NÚMERO,NOME,FUNÇÃO,SALÁRIO,DATA_NASCIMENTO,BI) values ('11','António Nuno Silva','1  ','1000',to_date('82.11.14','RR.MM.DD'),'32045100');
Insert into LIVROS.FUNCIONÁRIOS (NÚMERO,NOME,FUNÇÃO,SALÁRIO,DATA_NASCIMENTO,BI) values ('12','José Miguel  Vilas Boas','2  ','2500',to_date('83.11.26','RR.MM.DD'),'78850055');
Insert into LIVROS.FUNCIONÁRIOS (NÚMERO,NOME,FUNÇÃO,SALÁRIO,DATA_NASCIMENTO,BI) values ('13','José Luis Santos','1  ','1000',to_date('82.06.30','RR.MM.DD'),'95566687');
Insert into LIVROS.FUNCIONÁRIOS (NÚMERO,NOME,FUNÇÃO,SALÁRIO,DATA_NASCIMENTO,BI) values ('14','Lúcia Isabel Pinheiro Rocha','2  ','2500',to_date('80.09.29','RR.MM.DD'),'20063366');
Insert into LIVROS.FUNCIONÁRIOS (NÚMERO,NOME,FUNÇÃO,SALÁRIO,DATA_NASCIMENTO,BI) values ('15','Carlos Manuel Reis','1  ','1000',to_date('82.11.17','RR.MM.DD'),'66638986');
Insert into LIVROS.FUNCIONÁRIOS (NÚMERO,NOME,FUNÇÃO,SALÁRIO,DATA_NASCIMENTO,BI) values ('99','Quiosque ou Vendedor','0  ','0',null,null);
REM INSERTING into LIVROS.FUNCIONÁRIOS_REGISTOS
SET DEFINE OFF;
REM INSERTING into LIVROS.FUNÇÕES
SET DEFINE OFF;
Insert into LIVROS.FUNÇÕES (CÓDIGO,DESIGNAÇÃO) values ('0  ','Não definida');
Insert into LIVROS.FUNÇÕES (CÓDIGO,DESIGNAÇÃO) values ('1  ','Empregado de Balcão');
Insert into LIVROS.FUNÇÕES (CÓDIGO,DESIGNAÇÃO) values ('2  ','Livreiro');
Insert into LIVROS.FUNÇÕES (CÓDIGO,DESIGNAÇÃO) values ('3  ','Gerente');
REM INSERTING into LIVROS.IMPOSTOS
SET DEFINE OFF;
REM INSERTING into LIVROS.LIVROS
SET DEFINE OFF;
Insert into LIVROS.LIVROS (CÓDIGO,DESIGNAÇÃO,DATA_PUBLICAÇÃO,PREÇO_VENDA,COMISSÃO_VENDA,PREÇO_COMPRA,STOCK_REAL,PONTO_ENCOMENDA,QUANTIDADE_ENCOMENDA,LOCALIZAÇÃO_STOCK,DATA_ÚLTIMA_VENDA,ISBN,EDITORA,COLECÇÃO,TIPO,IMPOSTO) values ('1         ','Depressão: a grande desconhecida',to_date('02.01.01','RR.MM.DD'),'15','15','10','10','6','4','Armazém 2',null,'111111111111   ','2','A  ','T',null);
Insert into LIVROS.LIVROS (CÓDIGO,DESIGNAÇÃO,DATA_PUBLICAÇÃO,PREÇO_VENDA,COMISSÃO_VENDA,PREÇO_COMPRA,STOCK_REAL,PONTO_ENCOMENDA,QUANTIDADE_ENCOMENDA,LOCALIZAÇÃO_STOCK,DATA_ÚLTIMA_VENDA,ISBN,EDITORA,COLECÇÃO,TIPO,IMPOSTO) values ('10        ','Sopas de Portugal',to_date('02.01.03','RR.MM.DD'),'16','15','10','8','4','3','Armazém 2',null,null,'5','E  ','T',null);
Insert into LIVROS.LIVROS (CÓDIGO,DESIGNAÇÃO,DATA_PUBLICAÇÃO,PREÇO_VENDA,COMISSÃO_VENDA,PREÇO_COMPRA,STOCK_REAL,PONTO_ENCOMENDA,QUANTIDADE_ENCOMENDA,LOCALIZAÇÃO_STOCK,DATA_ÚLTIMA_VENDA,ISBN,EDITORA,COLECÇÃO,TIPO,IMPOSTO) values ('100       ','O piano de cauda',to_date('02.07.23','RR.MM.DD'),'24','20','21','7','4','2','Armazém 1',null,null,'9','B  ','R',null);
Insert into LIVROS.LIVROS (CÓDIGO,DESIGNAÇÃO,DATA_PUBLICAÇÃO,PREÇO_VENDA,COMISSÃO_VENDA,PREÇO_COMPRA,STOCK_REAL,PONTO_ENCOMENDA,QUANTIDADE_ENCOMENDA,LOCALIZAÇÃO_STOCK,DATA_ÚLTIMA_VENDA,ISBN,EDITORA,COLECÇÃO,TIPO,IMPOSTO) values ('101       ','Barulho da Mágoa de um Silêncio de Ouro',to_date('01.11.20','RR.MM.DD'),'15','15','12','0','1','2','Armazém 1',null,'34723557653    ','8','A  ','I',null);
Insert into LIVROS.LIVROS (CÓDIGO,DESIGNAÇÃO,DATA_PUBLICAÇÃO,PREÇO_VENDA,COMISSÃO_VENDA,PREÇO_COMPRA,STOCK_REAL,PONTO_ENCOMENDA,QUANTIDADE_ENCOMENDA,LOCALIZAÇÃO_STOCK,DATA_ÚLTIMA_VENDA,ISBN,EDITORA,COLECÇÃO,TIPO,IMPOSTO) values ('11        ','O olhar do gato',to_date('02.02.10','RR.MM.DD'),'9','15','7','5','2','2','Armazém 2',null,null,'1','D  ','M',null);
Insert into LIVROS.LIVROS (CÓDIGO,DESIGNAÇÃO,DATA_PUBLICAÇÃO,PREÇO_VENDA,COMISSÃO_VENDA,PREÇO_COMPRA,STOCK_REAL,PONTO_ENCOMENDA,QUANTIDADE_ENCOMENDA,LOCALIZAÇÃO_STOCK,DATA_ÚLTIMA_VENDA,ISBN,EDITORA,COLECÇÃO,TIPO,IMPOSTO) values ('12        ','Duas vidas, um caminho ',to_date('02.01.16','RR.MM.DD'),'12','15','9','4','2','1','Armazém 1',null,null,'9','B  ','R',null);
Insert into LIVROS.LIVROS (CÓDIGO,DESIGNAÇÃO,DATA_PUBLICAÇÃO,PREÇO_VENDA,COMISSÃO_VENDA,PREÇO_COMPRA,STOCK_REAL,PONTO_ENCOMENDA,QUANTIDADE_ENCOMENDA,LOCALIZAÇÃO_STOCK,DATA_ÚLTIMA_VENDA,ISBN,EDITORA,COLECÇÃO,TIPO,IMPOSTO) values ('13        ','Um velho sonho de amor',to_date('01.03.22','RR.MM.DD'),'22','20','18','0','1','1','Armazém 2',null,null,'3','C  ','R',null);
Insert into LIVROS.LIVROS (CÓDIGO,DESIGNAÇÃO,DATA_PUBLICAÇÃO,PREÇO_VENDA,COMISSÃO_VENDA,PREÇO_COMPRA,STOCK_REAL,PONTO_ENCOMENDA,QUANTIDADE_ENCOMENDA,LOCALIZAÇÃO_STOCK,DATA_ÚLTIMA_VENDA,ISBN,EDITORA,COLECÇÃO,TIPO,IMPOSTO) values ('14        ','Bolos Tradicionais',to_date('02.05.14','RR.MM.DD'),'20','20','17','4','2','2','Armazém 2',null,null,'5','E  ','T',null);
Insert into LIVROS.LIVROS (CÓDIGO,DESIGNAÇÃO,DATA_PUBLICAÇÃO,PREÇO_VENDA,COMISSÃO_VENDA,PREÇO_COMPRA,STOCK_REAL,PONTO_ENCOMENDA,QUANTIDADE_ENCOMENDA,LOCALIZAÇÃO_STOCK,DATA_ÚLTIMA_VENDA,ISBN,EDITORA,COLECÇÃO,TIPO,IMPOSTO) values ('15        ','Cozinha para principiantes',to_date('02.02.12','RR.MM.DD'),'18','15','15','6','3','1','Armazém 2',null,null,'5','E  ','T',null);
Insert into LIVROS.LIVROS (CÓDIGO,DESIGNAÇÃO,DATA_PUBLICAÇÃO,PREÇO_VENDA,COMISSÃO_VENDA,PREÇO_COMPRA,STOCK_REAL,PONTO_ENCOMENDA,QUANTIDADE_ENCOMENDA,LOCALIZAÇÃO_STOCK,DATA_ÚLTIMA_VENDA,ISBN,EDITORA,COLECÇÃO,TIPO,IMPOSTO) values ('16        ','A Quinta das Mágoas',to_date('02.05.18','RR.MM.DD'),'25','20','20','6','3','2','Armazém 2',null,null,'3','C  ','R',null);
Insert into LIVROS.LIVROS (CÓDIGO,DESIGNAÇÃO,DATA_PUBLICAÇÃO,PREÇO_VENDA,COMISSÃO_VENDA,PREÇO_COMPRA,STOCK_REAL,PONTO_ENCOMENDA,QUANTIDADE_ENCOMENDA,LOCALIZAÇÃO_STOCK,DATA_ÚLTIMA_VENDA,ISBN,EDITORA,COLECÇÃO,TIPO,IMPOSTO) values ('17        ','A urze e o tojo',to_date('02.04.15','RR.MM.DD'),'23','20','20','5','2','2','Armazém 2',null,null,'3','C  ','R',null);
Insert into LIVROS.LIVROS (CÓDIGO,DESIGNAÇÃO,DATA_PUBLICAÇÃO,PREÇO_VENDA,COMISSÃO_VENDA,PREÇO_COMPRA,STOCK_REAL,PONTO_ENCOMENDA,QUANTIDADE_ENCOMENDA,LOCALIZAÇÃO_STOCK,DATA_ÚLTIMA_VENDA,ISBN,EDITORA,COLECÇÃO,TIPO,IMPOSTO) values ('18        ','O segredo da Condessa dos Braga',to_date('01.02.17','RR.MM.DD'),'11','15','9','0','1','1','Armazém 2',null,null,'1','D  ','M',null);
Insert into LIVROS.LIVROS (CÓDIGO,DESIGNAÇÃO,DATA_PUBLICAÇÃO,PREÇO_VENDA,COMISSÃO_VENDA,PREÇO_COMPRA,STOCK_REAL,PONTO_ENCOMENDA,QUANTIDADE_ENCOMENDA,LOCALIZAÇÃO_STOCK,DATA_ÚLTIMA_VENDA,ISBN,EDITORA,COLECÇÃO,TIPO,IMPOSTO) values ('19        ','As três comadres',to_date('02.02.19','RR.MM.DD'),'12','15','9','3','1','1','Armazém 2',null,null,'1','D  ','M',null);
Insert into LIVROS.LIVROS (CÓDIGO,DESIGNAÇÃO,DATA_PUBLICAÇÃO,PREÇO_VENDA,COMISSÃO_VENDA,PREÇO_COMPRA,STOCK_REAL,PONTO_ENCOMENDA,QUANTIDADE_ENCOMENDA,LOCALIZAÇÃO_STOCK,DATA_ÚLTIMA_VENDA,ISBN,EDITORA,COLECÇÃO,TIPO,IMPOSTO) values ('2         ','O caminho da penumbra',to_date('02.01.01','RR.MM.DD'),'25','20','20','20','10','6','Armazém 2',null,'222222222222   ','2','A  ','T',null);
Insert into LIVROS.LIVROS (CÓDIGO,DESIGNAÇÃO,DATA_PUBLICAÇÃO,PREÇO_VENDA,COMISSÃO_VENDA,PREÇO_COMPRA,STOCK_REAL,PONTO_ENCOMENDA,QUANTIDADE_ENCOMENDA,LOCALIZAÇÃO_STOCK,DATA_ÚLTIMA_VENDA,ISBN,EDITORA,COLECÇÃO,TIPO,IMPOSTO) values ('20        ','Sombras e Luzes',to_date('02.04.16','RR.MM.DD'),'10','15','6','3','1','2','Armazém 1',null,null,'6','G  ','P',null);
Insert into LIVROS.LIVROS (CÓDIGO,DESIGNAÇÃO,DATA_PUBLICAÇÃO,PREÇO_VENDA,COMISSÃO_VENDA,PREÇO_COMPRA,STOCK_REAL,PONTO_ENCOMENDA,QUANTIDADE_ENCOMENDA,LOCALIZAÇÃO_STOCK,DATA_ÚLTIMA_VENDA,ISBN,EDITORA,COLECÇÃO,TIPO,IMPOSTO) values ('21        ','O Silêncio das Águas',to_date('02.01.15','RR.MM.DD'),'22','20','19','3','1','1','Armazém 2',null,null,'3','C  ','R',null);
Insert into LIVROS.LIVROS (CÓDIGO,DESIGNAÇÃO,DATA_PUBLICAÇÃO,PREÇO_VENDA,COMISSÃO_VENDA,PREÇO_COMPRA,STOCK_REAL,PONTO_ENCOMENDA,QUANTIDADE_ENCOMENDA,LOCALIZAÇÃO_STOCK,DATA_ÚLTIMA_VENDA,ISBN,EDITORA,COLECÇÃO,TIPO,IMPOSTO) values ('22        ','O Sol e a Lua',to_date('02.01.16','RR.MM.DD'),'9','15','7','0','1','1','Armazém 1',null,null,'6','G  ','P',null);
Insert into LIVROS.LIVROS (CÓDIGO,DESIGNAÇÃO,DATA_PUBLICAÇÃO,PREÇO_VENDA,COMISSÃO_VENDA,PREÇO_COMPRA,STOCK_REAL,PONTO_ENCOMENDA,QUANTIDADE_ENCOMENDA,LOCALIZAÇÃO_STOCK,DATA_ÚLTIMA_VENDA,ISBN,EDITORA,COLECÇÃO,TIPO,IMPOSTO) values ('23        ','O passarinho que não sabia voar',to_date('02.06.15','RR.MM.DD'),'7','15','5','3','1','2','Armazém 1',null,null,'8','F  ','I',null);
Insert into LIVROS.LIVROS (CÓDIGO,DESIGNAÇÃO,DATA_PUBLICAÇÃO,PREÇO_VENDA,COMISSÃO_VENDA,PREÇO_COMPRA,STOCK_REAL,PONTO_ENCOMENDA,QUANTIDADE_ENCOMENDA,LOCALIZAÇÃO_STOCK,DATA_ÚLTIMA_VENDA,ISBN,EDITORA,COLECÇÃO,TIPO,IMPOSTO) values ('24        ','O cão, o gato e o rato',to_date('02.05.14','RR.MM.DD'),'8','15','5','0','1','2','Armazém 1',null,null,'8','F  ','I',null);
Insert into LIVROS.LIVROS (CÓDIGO,DESIGNAÇÃO,DATA_PUBLICAÇÃO,PREÇO_VENDA,COMISSÃO_VENDA,PREÇO_COMPRA,STOCK_REAL,PONTO_ENCOMENDA,QUANTIDADE_ENCOMENDA,LOCALIZAÇÃO_STOCK,DATA_ÚLTIMA_VENDA,ISBN,EDITORA,COLECÇÃO,TIPO,IMPOSTO) values ('25        ','Cozinha prática para diabéticos',to_date('01.06.25','RR.MM.DD'),'26','20','23','8','4','3','Armazém 2',null,null,'5','E  ','T',null);
Insert into LIVROS.LIVROS (CÓDIGO,DESIGNAÇÃO,DATA_PUBLICAÇÃO,PREÇO_VENDA,COMISSÃO_VENDA,PREÇO_COMPRA,STOCK_REAL,PONTO_ENCOMENDA,QUANTIDADE_ENCOMENDA,LOCALIZAÇÃO_STOCK,DATA_ÚLTIMA_VENDA,ISBN,EDITORA,COLECÇÃO,TIPO,IMPOSTO) values ('26        ','Receitas de culinária úteis para celíacos',to_date('02.05.05','RR.MM.DD'),'25','20','20','5','2','2','Armazém 2',null,null,'5','E  ','T',null);
Insert into LIVROS.LIVROS (CÓDIGO,DESIGNAÇÃO,DATA_PUBLICAÇÃO,PREÇO_VENDA,COMISSÃO_VENDA,PREÇO_COMPRA,STOCK_REAL,PONTO_ENCOMENDA,QUANTIDADE_ENCOMENDA,LOCALIZAÇÃO_STOCK,DATA_ÚLTIMA_VENDA,ISBN,EDITORA,COLECÇÃO,TIPO,IMPOSTO) values ('27        ','Uma formiguinha na cidade',to_date('02.03.15','RR.MM.DD'),'8','15','6','4','1','2','Armazém 1',null,null,'8','F  ','I',null);
Insert into LIVROS.LIVROS (CÓDIGO,DESIGNAÇÃO,DATA_PUBLICAÇÃO,PREÇO_VENDA,COMISSÃO_VENDA,PREÇO_COMPRA,STOCK_REAL,PONTO_ENCOMENDA,QUANTIDADE_ENCOMENDA,LOCALIZAÇÃO_STOCK,DATA_ÚLTIMA_VENDA,ISBN,EDITORA,COLECÇÃO,TIPO,IMPOSTO) values ('28        ','Uma formiguinha na praia',to_date('02.02.14','RR.MM.DD'),'9','15','6','3','1','1','Armazém 1',null,null,'8','F  ','I',null);
Insert into LIVROS.LIVROS (CÓDIGO,DESIGNAÇÃO,DATA_PUBLICAÇÃO,PREÇO_VENDA,COMISSÃO_VENDA,PREÇO_COMPRA,STOCK_REAL,PONTO_ENCOMENDA,QUANTIDADE_ENCOMENDA,LOCALIZAÇÃO_STOCK,DATA_ÚLTIMA_VENDA,ISBN,EDITORA,COLECÇÃO,TIPO,IMPOSTO) values ('29        ','Um sonho de uma noite de S. João',to_date('02.06.06','RR.MM.DD'),'12','15','9','6','2','3','Armazém 1',null,null,'6','G  ','F',null);
Insert into LIVROS.LIVROS (CÓDIGO,DESIGNAÇÃO,DATA_PUBLICAÇÃO,PREÇO_VENDA,COMISSÃO_VENDA,PREÇO_COMPRA,STOCK_REAL,PONTO_ENCOMENDA,QUANTIDADE_ENCOMENDA,LOCALIZAÇÃO_STOCK,DATA_ÚLTIMA_VENDA,ISBN,EDITORA,COLECÇÃO,TIPO,IMPOSTO) values ('3         ','Um passeio a dois',to_date('02.01.03','RR.MM.DD'),'12','15','10','3','1','1','Armazém 1',null,'333333333333   ','9','B  ','R',null);
Insert into LIVROS.LIVROS (CÓDIGO,DESIGNAÇÃO,DATA_PUBLICAÇÃO,PREÇO_VENDA,COMISSÃO_VENDA,PREÇO_COMPRA,STOCK_REAL,PONTO_ENCOMENDA,QUANTIDADE_ENCOMENDA,LOCALIZAÇÃO_STOCK,DATA_ÚLTIMA_VENDA,ISBN,EDITORA,COLECÇÃO,TIPO,IMPOSTO) values ('30        ','Crime na Quinta de Tibães',to_date('02.04.16','RR.MM.DD'),'12','15','10','3','1','2','Armazém 2',null,null,'1','D  ','M',null);
Insert into LIVROS.LIVROS (CÓDIGO,DESIGNAÇÃO,DATA_PUBLICAÇÃO,PREÇO_VENDA,COMISSÃO_VENDA,PREÇO_COMPRA,STOCK_REAL,PONTO_ENCOMENDA,QUANTIDADE_ENCOMENDA,LOCALIZAÇÃO_STOCK,DATA_ÚLTIMA_VENDA,ISBN,EDITORA,COLECÇÃO,TIPO,IMPOSTO) values ('31        ','O Falso Desaparecimento',to_date('02.05.13','RR.MM.DD'),'11','15','10','4','1','1','Armazém 2',null,null,'1','D  ','M',null);
Insert into LIVROS.LIVROS (CÓDIGO,DESIGNAÇÃO,DATA_PUBLICAÇÃO,PREÇO_VENDA,COMISSÃO_VENDA,PREÇO_COMPRA,STOCK_REAL,PONTO_ENCOMENDA,QUANTIDADE_ENCOMENDA,LOCALIZAÇÃO_STOCK,DATA_ÚLTIMA_VENDA,ISBN,EDITORA,COLECÇÃO,TIPO,IMPOSTO) values ('32        ','A Lua e o Sol',to_date('02.02.12','RR.MM.DD'),'15','15','13','3','1','1','Armazém 1',null,null,'9','B  ','R',null);
Insert into LIVROS.LIVROS (CÓDIGO,DESIGNAÇÃO,DATA_PUBLICAÇÃO,PREÇO_VENDA,COMISSÃO_VENDA,PREÇO_COMPRA,STOCK_REAL,PONTO_ENCOMENDA,QUANTIDADE_ENCOMENDA,LOCALIZAÇÃO_STOCK,DATA_ÚLTIMA_VENDA,ISBN,EDITORA,COLECÇÃO,TIPO,IMPOSTO) values ('33        ','Sobremesas fácis e rápidas',to_date('02.04.15','RR.MM.DD'),'9','15','6','4','1','1','Armazém 2',null,null,'5','E  ','T',null);
Insert into LIVROS.LIVROS (CÓDIGO,DESIGNAÇÃO,DATA_PUBLICAÇÃO,PREÇO_VENDA,COMISSÃO_VENDA,PREÇO_COMPRA,STOCK_REAL,PONTO_ENCOMENDA,QUANTIDADE_ENCOMENDA,LOCALIZAÇÃO_STOCK,DATA_ÚLTIMA_VENDA,ISBN,EDITORA,COLECÇÃO,TIPO,IMPOSTO) values ('34        ','Mil e uma formas de amor',to_date('01.05.14','RR.MM.DD'),'15','15','12','5','2','2','Armazém 1',null,null,'6','G  ','R',null);
Insert into LIVROS.LIVROS (CÓDIGO,DESIGNAÇÃO,DATA_PUBLICAÇÃO,PREÇO_VENDA,COMISSÃO_VENDA,PREÇO_COMPRA,STOCK_REAL,PONTO_ENCOMENDA,QUANTIDADE_ENCOMENDA,LOCALIZAÇÃO_STOCK,DATA_ÚLTIMA_VENDA,ISBN,EDITORA,COLECÇÃO,TIPO,IMPOSTO) values ('35        ','Uma formiguinha no parque',to_date('02.06.16','RR.MM.DD'),'9','15','7','3','1','1','Armazém 1',null,null,'8','F  ','I',null);
Insert into LIVROS.LIVROS (CÓDIGO,DESIGNAÇÃO,DATA_PUBLICAÇÃO,PREÇO_VENDA,COMISSÃO_VENDA,PREÇO_COMPRA,STOCK_REAL,PONTO_ENCOMENDA,QUANTIDADE_ENCOMENDA,LOCALIZAÇÃO_STOCK,DATA_ÚLTIMA_VENDA,ISBN,EDITORA,COLECÇÃO,TIPO,IMPOSTO) values ('36        ','O Zé Ratão ',to_date('01.05.22','RR.MM.DD'),'12','15','10','5','2','3','Armazém 1',null,null,'6','G  ','H',null);
Insert into LIVROS.LIVROS (CÓDIGO,DESIGNAÇÃO,DATA_PUBLICAÇÃO,PREÇO_VENDA,COMISSÃO_VENDA,PREÇO_COMPRA,STOCK_REAL,PONTO_ENCOMENDA,QUANTIDADE_ENCOMENDA,LOCALIZAÇÃO_STOCK,DATA_ÚLTIMA_VENDA,ISBN,EDITORA,COLECÇÃO,TIPO,IMPOSTO) values ('37        ','Três amigos e um sonho',to_date('02.06.20','RR.MM.DD'),'22','20','19','6','3','2','Armazém 2',null,null,'3','C  ','R',null);
Insert into LIVROS.LIVROS (CÓDIGO,DESIGNAÇÃO,DATA_PUBLICAÇÃO,PREÇO_VENDA,COMISSÃO_VENDA,PREÇO_COMPRA,STOCK_REAL,PONTO_ENCOMENDA,QUANTIDADE_ENCOMENDA,LOCALIZAÇÃO_STOCK,DATA_ÚLTIMA_VENDA,ISBN,EDITORA,COLECÇÃO,TIPO,IMPOSTO) values ('38        ','Aprender a virar a página',to_date('02.04.12','RR.MM.DD'),'25','20','23','4','2','1','Armazém 2',null,null,'2','A  ','T',null);
Insert into LIVROS.LIVROS (CÓDIGO,DESIGNAÇÃO,DATA_PUBLICAÇÃO,PREÇO_VENDA,COMISSÃO_VENDA,PREÇO_COMPRA,STOCK_REAL,PONTO_ENCOMENDA,QUANTIDADE_ENCOMENDA,LOCALIZAÇÃO_STOCK,DATA_ÚLTIMA_VENDA,ISBN,EDITORA,COLECÇÃO,TIPO,IMPOSTO) values ('39        ','O velho e o cão',to_date('02.04.18','RR.MM.DD'),'20','20','18','3','1','1','Armazém 2',null,null,'3','C  ','R',null);
Insert into LIVROS.LIVROS (CÓDIGO,DESIGNAÇÃO,DATA_PUBLICAÇÃO,PREÇO_VENDA,COMISSÃO_VENDA,PREÇO_COMPRA,STOCK_REAL,PONTO_ENCOMENDA,QUANTIDADE_ENCOMENDA,LOCALIZAÇÃO_STOCK,DATA_ÚLTIMA_VENDA,ISBN,EDITORA,COLECÇÃO,TIPO,IMPOSTO) values ('4         ','Rosa e Espinho',to_date('02.01.04','RR.MM.DD'),'26','20','23','6','3','2','Armazém 2',null,'444444444444   ','3','C  ','R',null);
Insert into LIVROS.LIVROS (CÓDIGO,DESIGNAÇÃO,DATA_PUBLICAÇÃO,PREÇO_VENDA,COMISSÃO_VENDA,PREÇO_COMPRA,STOCK_REAL,PONTO_ENCOMENDA,QUANTIDADE_ENCOMENDA,LOCALIZAÇÃO_STOCK,DATA_ÚLTIMA_VENDA,ISBN,EDITORA,COLECÇÃO,TIPO,IMPOSTO) values ('40        ','Um olhar sobre o horizonte',to_date('02.02.14','RR.MM.DD'),'18','15','16','4','1','1','Armazém 2',null,null,'3','C  ','R',null);
Insert into LIVROS.LIVROS (CÓDIGO,DESIGNAÇÃO,DATA_PUBLICAÇÃO,PREÇO_VENDA,COMISSÃO_VENDA,PREÇO_COMPRA,STOCK_REAL,PONTO_ENCOMENDA,QUANTIDADE_ENCOMENDA,LOCALIZAÇÃO_STOCK,DATA_ÚLTIMA_VENDA,ISBN,EDITORA,COLECÇÃO,TIPO,IMPOSTO) values ('41        ','Uma formiguinha na escola',to_date('02.06.03','RR.MM.DD'),'9','15','7','0','1','1','Armazém 1',null,null,'8','F  ','I',null);
Insert into LIVROS.LIVROS (CÓDIGO,DESIGNAÇÃO,DATA_PUBLICAÇÃO,PREÇO_VENDA,COMISSÃO_VENDA,PREÇO_COMPRA,STOCK_REAL,PONTO_ENCOMENDA,QUANTIDADE_ENCOMENDA,LOCALIZAÇÃO_STOCK,DATA_ÚLTIMA_VENDA,ISBN,EDITORA,COLECÇÃO,TIPO,IMPOSTO) values ('42        ','Teus olhos meus',to_date('02.04.08','RR.MM.DD'),'13','15','11','3','1','1','Armazém 1',null,null,'9','B  ','R',null);
Insert into LIVROS.LIVROS (CÓDIGO,DESIGNAÇÃO,DATA_PUBLICAÇÃO,PREÇO_VENDA,COMISSÃO_VENDA,PREÇO_COMPRA,STOCK_REAL,PONTO_ENCOMENDA,QUANTIDADE_ENCOMENDA,LOCALIZAÇÃO_STOCK,DATA_ÚLTIMA_VENDA,ISBN,EDITORA,COLECÇÃO,TIPO,IMPOSTO) values ('43        ','A casa da encosta',to_date('02.04.19','RR.MM.DD'),'11','15','9','3','1','1','Armazém 1',null,null,'6','G  ','F',null);
Insert into LIVROS.LIVROS (CÓDIGO,DESIGNAÇÃO,DATA_PUBLICAÇÃO,PREÇO_VENDA,COMISSÃO_VENDA,PREÇO_COMPRA,STOCK_REAL,PONTO_ENCOMENDA,QUANTIDADE_ENCOMENDA,LOCALIZAÇÃO_STOCK,DATA_ÚLTIMA_VENDA,ISBN,EDITORA,COLECÇÃO,TIPO,IMPOSTO) values ('44        ','O gato e a gaivota',to_date('02.05.20','RR.MM.DD'),'9','15','7','4','2','1','Armazém 1',null,null,'8','F  ','I',null);
Insert into LIVROS.LIVROS (CÓDIGO,DESIGNAÇÃO,DATA_PUBLICAÇÃO,PREÇO_VENDA,COMISSÃO_VENDA,PREÇO_COMPRA,STOCK_REAL,PONTO_ENCOMENDA,QUANTIDADE_ENCOMENDA,LOCALIZAÇÃO_STOCK,DATA_ÚLTIMA_VENDA,ISBN,EDITORA,COLECÇÃO,TIPO,IMPOSTO) values ('45        ','Os mais célebres doces de Natal',to_date('02.01.15','RR.MM.DD'),'26','20','23','6','3','2','Armazém 2',null,null,'5','E  ','T',null);
Insert into LIVROS.LIVROS (CÓDIGO,DESIGNAÇÃO,DATA_PUBLICAÇÃO,PREÇO_VENDA,COMISSÃO_VENDA,PREÇO_COMPRA,STOCK_REAL,PONTO_ENCOMENDA,QUANTIDADE_ENCOMENDA,LOCALIZAÇÃO_STOCK,DATA_ÚLTIMA_VENDA,ISBN,EDITORA,COLECÇÃO,TIPO,IMPOSTO) values ('46        ','Alimentação equilibrada para todos',to_date('02.03.14','RR.MM.DD'),'25','20','23','4','1','1','Armazém 2',null,null,'5','E  ','T',null);
Insert into LIVROS.LIVROS (CÓDIGO,DESIGNAÇÃO,DATA_PUBLICAÇÃO,PREÇO_VENDA,COMISSÃO_VENDA,PREÇO_COMPRA,STOCK_REAL,PONTO_ENCOMENDA,QUANTIDADE_ENCOMENDA,LOCALIZAÇÃO_STOCK,DATA_ÚLTIMA_VENDA,ISBN,EDITORA,COLECÇÃO,TIPO,IMPOSTO) values ('47        ','Futebol, Mulheres e Cerveja',to_date('01.05.25','RR.MM.DD'),'15','15','12','5','3','2','Armazém 1',null,null,'6','G  ','H',null);
Insert into LIVROS.LIVROS (CÓDIGO,DESIGNAÇÃO,DATA_PUBLICAÇÃO,PREÇO_VENDA,COMISSÃO_VENDA,PREÇO_COMPRA,STOCK_REAL,PONTO_ENCOMENDA,QUANTIDADE_ENCOMENDA,LOCALIZAÇÃO_STOCK,DATA_ÚLTIMA_VENDA,ISBN,EDITORA,COLECÇÃO,TIPO,IMPOSTO) values ('48        ','Um marido à medida',to_date('02.04.16','RR.MM.DD'),'17','15','14','6','3','3','Armazém 1',null,null,'6','G  ','R',null);
Insert into LIVROS.LIVROS (CÓDIGO,DESIGNAÇÃO,DATA_PUBLICAÇÃO,PREÇO_VENDA,COMISSÃO_VENDA,PREÇO_COMPRA,STOCK_REAL,PONTO_ENCOMENDA,QUANTIDADE_ENCOMENDA,LOCALIZAÇÃO_STOCK,DATA_ÚLTIMA_VENDA,ISBN,EDITORA,COLECÇÃO,TIPO,IMPOSTO) values ('49        ','Distâncias que matam',to_date('02.03.28','RR.MM.DD'),'14','15','11','3','1','1','Armazém 1',null,null,'9','B  ','R',null);
Insert into LIVROS.LIVROS (CÓDIGO,DESIGNAÇÃO,DATA_PUBLICAÇÃO,PREÇO_VENDA,COMISSÃO_VENDA,PREÇO_COMPRA,STOCK_REAL,PONTO_ENCOMENDA,QUANTIDADE_ENCOMENDA,LOCALIZAÇÃO_STOCK,DATA_ÚLTIMA_VENDA,ISBN,EDITORA,COLECÇÃO,TIPO,IMPOSTO) values ('5         ','A colina dos enamorados',to_date('02.01.05','RR.MM.DD'),'22','20','19','5','2','1','Armazém 2',null,'555555555555   ','3','C  ','R',null);
Insert into LIVROS.LIVROS (CÓDIGO,DESIGNAÇÃO,DATA_PUBLICAÇÃO,PREÇO_VENDA,COMISSÃO_VENDA,PREÇO_COMPRA,STOCK_REAL,PONTO_ENCOMENDA,QUANTIDADE_ENCOMENDA,LOCALIZAÇÃO_STOCK,DATA_ÚLTIMA_VENDA,ISBN,EDITORA,COLECÇÃO,TIPO,IMPOSTO) values ('50        ','O menino que não era capaz de sonhar',to_date('02.06.13','RR.MM.DD'),'12','15','9','3','1','1','Armazém 1',null,null,'8','F  ','I',null);
Insert into LIVROS.LIVROS (CÓDIGO,DESIGNAÇÃO,DATA_PUBLICAÇÃO,PREÇO_VENDA,COMISSÃO_VENDA,PREÇO_COMPRA,STOCK_REAL,PONTO_ENCOMENDA,QUANTIDADE_ENCOMENDA,LOCALIZAÇÃO_STOCK,DATA_ÚLTIMA_VENDA,ISBN,EDITORA,COLECÇÃO,TIPO,IMPOSTO) values ('51        ','51 escadas para o Céu',to_date('02.06.18','RR.MM.DD'),'16','15','13','7','4','2','Armazém 1',null,null,'6','G  ','R',null);
Insert into LIVROS.LIVROS (CÓDIGO,DESIGNAÇÃO,DATA_PUBLICAÇÃO,PREÇO_VENDA,COMISSÃO_VENDA,PREÇO_COMPRA,STOCK_REAL,PONTO_ENCOMENDA,QUANTIDADE_ENCOMENDA,LOCALIZAÇÃO_STOCK,DATA_ÚLTIMA_VENDA,ISBN,EDITORA,COLECÇÃO,TIPO,IMPOSTO) values ('52        ','Anjos e Arcanjos',to_date('02.03.14','RR.MM.DD'),'12','15','10','0','1','1','Armazém 1',null,null,'6','G  ','E',null);
Insert into LIVROS.LIVROS (CÓDIGO,DESIGNAÇÃO,DATA_PUBLICAÇÃO,PREÇO_VENDA,COMISSÃO_VENDA,PREÇO_COMPRA,STOCK_REAL,PONTO_ENCOMENDA,QUANTIDADE_ENCOMENDA,LOCALIZAÇÃO_STOCK,DATA_ÚLTIMA_VENDA,ISBN,EDITORA,COLECÇÃO,TIPO,IMPOSTO) values ('53        ','Uma amizade para além da morte',to_date('02.03.29','RR.MM.DD'),'15','15','13','5','2','2','Armazém 2',null,null,'1','D  ','M',null);
Insert into LIVROS.LIVROS (CÓDIGO,DESIGNAÇÃO,DATA_PUBLICAÇÃO,PREÇO_VENDA,COMISSÃO_VENDA,PREÇO_COMPRA,STOCK_REAL,PONTO_ENCOMENDA,QUANTIDADE_ENCOMENDA,LOCALIZAÇÃO_STOCK,DATA_ÚLTIMA_VENDA,ISBN,EDITORA,COLECÇÃO,TIPO,IMPOSTO) values ('54        ','Especiarias: à descoberta de um  mundo',to_date('02.06.30','RR.MM.DD'),'20','20','18','4','1','2','Armazém 2',null,null,'5','E  ','T',null);
Insert into LIVROS.LIVROS (CÓDIGO,DESIGNAÇÃO,DATA_PUBLICAÇÃO,PREÇO_VENDA,COMISSÃO_VENDA,PREÇO_COMPRA,STOCK_REAL,PONTO_ENCOMENDA,QUANTIDADE_ENCOMENDA,LOCALIZAÇÃO_STOCK,DATA_ÚLTIMA_VENDA,ISBN,EDITORA,COLECÇÃO,TIPO,IMPOSTO) values ('55        ','Promessas falsas',to_date('01.02.20','RR.MM.DD'),'13','15','11','0','1','1','Armazém 1',null,null,'9','B  ','R',null);
Insert into LIVROS.LIVROS (CÓDIGO,DESIGNAÇÃO,DATA_PUBLICAÇÃO,PREÇO_VENDA,COMISSÃO_VENDA,PREÇO_COMPRA,STOCK_REAL,PONTO_ENCOMENDA,QUANTIDADE_ENCOMENDA,LOCALIZAÇÃO_STOCK,DATA_ÚLTIMA_VENDA,ISBN,EDITORA,COLECÇÃO,TIPO,IMPOSTO) values ('56        ','Viagem ao fundo abismo',to_date('02.04.18','RR.MM.DD'),'24','20','20','5','2','2','Armazém 2',null,null,'2','A  ','T',null);
Insert into LIVROS.LIVROS (CÓDIGO,DESIGNAÇÃO,DATA_PUBLICAÇÃO,PREÇO_VENDA,COMISSÃO_VENDA,PREÇO_COMPRA,STOCK_REAL,PONTO_ENCOMENDA,QUANTIDADE_ENCOMENDA,LOCALIZAÇÃO_STOCK,DATA_ÚLTIMA_VENDA,ISBN,EDITORA,COLECÇÃO,TIPO,IMPOSTO) values ('57        ','Imagem de uma mulher',to_date('02.06.13','RR.MM.DD'),'18','15','16','6','3','2','Armazém 1',null,null,'9','B  ','R',null);
Insert into LIVROS.LIVROS (CÓDIGO,DESIGNAÇÃO,DATA_PUBLICAÇÃO,PREÇO_VENDA,COMISSÃO_VENDA,PREÇO_COMPRA,STOCK_REAL,PONTO_ENCOMENDA,QUANTIDADE_ENCOMENDA,LOCALIZAÇÃO_STOCK,DATA_ÚLTIMA_VENDA,ISBN,EDITORA,COLECÇÃO,TIPO,IMPOSTO) values ('58        ','Uma formiguinha no circo',to_date('02.07.14','RR.MM.DD'),'10','15','8','5','2','2','Armazém 1',null,null,'8','F  ','I',null);
Insert into LIVROS.LIVROS (CÓDIGO,DESIGNAÇÃO,DATA_PUBLICAÇÃO,PREÇO_VENDA,COMISSÃO_VENDA,PREÇO_COMPRA,STOCK_REAL,PONTO_ENCOMENDA,QUANTIDADE_ENCOMENDA,LOCALIZAÇÃO_STOCK,DATA_ÚLTIMA_VENDA,ISBN,EDITORA,COLECÇÃO,TIPO,IMPOSTO) values ('59        ','Mil e uma história para encantar',to_date('02.08.12','RR.MM.DD'),'8','15','5','0','1','1','Armazém 1',null,null,'8','F  ','I',null);
Insert into LIVROS.LIVROS (CÓDIGO,DESIGNAÇÃO,DATA_PUBLICAÇÃO,PREÇO_VENDA,COMISSÃO_VENDA,PREÇO_COMPRA,STOCK_REAL,PONTO_ENCOMENDA,QUANTIDADE_ENCOMENDA,LOCALIZAÇÃO_STOCK,DATA_ÚLTIMA_VENDA,ISBN,EDITORA,COLECÇÃO,TIPO,IMPOSTO) values ('6         ','A senda da droga',to_date('02.01.06','RR.MM.DD'),'24','20','19','3','1','2','Armazém 2',null,'666666666666   ','2','A  ','T',null);
Insert into LIVROS.LIVROS (CÓDIGO,DESIGNAÇÃO,DATA_PUBLICAÇÃO,PREÇO_VENDA,COMISSÃO_VENDA,PREÇO_COMPRA,STOCK_REAL,PONTO_ENCOMENDA,QUANTIDADE_ENCOMENDA,LOCALIZAÇÃO_STOCK,DATA_ÚLTIMA_VENDA,ISBN,EDITORA,COLECÇÃO,TIPO,IMPOSTO) values ('60        ','Zé Ratão: um engatatão à solta',to_date('02.06.15','RR.MM.DD'),'10','15','8','7','4','3','Armazém 1',null,null,'6','G  ','H',null);
Insert into LIVROS.LIVROS (CÓDIGO,DESIGNAÇÃO,DATA_PUBLICAÇÃO,PREÇO_VENDA,COMISSÃO_VENDA,PREÇO_COMPRA,STOCK_REAL,PONTO_ENCOMENDA,QUANTIDADE_ENCOMENDA,LOCALIZAÇÃO_STOCK,DATA_ÚLTIMA_VENDA,ISBN,EDITORA,COLECÇÃO,TIPO,IMPOSTO) values ('61        ','A leveza da alma',to_date('02.05.15','RR.MM.DD'),'13','15','11','3','1','1','Armazém 1',null,null,'6','G  ','E',null);
Insert into LIVROS.LIVROS (CÓDIGO,DESIGNAÇÃO,DATA_PUBLICAÇÃO,PREÇO_VENDA,COMISSÃO_VENDA,PREÇO_COMPRA,STOCK_REAL,PONTO_ENCOMENDA,QUANTIDADE_ENCOMENDA,LOCALIZAÇÃO_STOCK,DATA_ÚLTIMA_VENDA,ISBN,EDITORA,COLECÇÃO,TIPO,IMPOSTO) values ('62        ','À descobertas de Medicinas Alternativas',to_date('02.08.28','RR.MM.DD'),'26','20','24','7','3','2','Armazém 2',null,null,'2','A  ','T',null);
Insert into LIVROS.LIVROS (CÓDIGO,DESIGNAÇÃO,DATA_PUBLICAÇÃO,PREÇO_VENDA,COMISSÃO_VENDA,PREÇO_COMPRA,STOCK_REAL,PONTO_ENCOMENDA,QUANTIDADE_ENCOMENDA,LOCALIZAÇÃO_STOCK,DATA_ÚLTIMA_VENDA,ISBN,EDITORA,COLECÇÃO,TIPO,IMPOSTO) values ('63        ','Técnicas básicas de Acupuntura',to_date('01.09.17','RR.MM.DD'),'22','20','19','4','2','1','Armazém 2',null,null,'2','A  ','T',null);
Insert into LIVROS.LIVROS (CÓDIGO,DESIGNAÇÃO,DATA_PUBLICAÇÃO,PREÇO_VENDA,COMISSÃO_VENDA,PREÇO_COMPRA,STOCK_REAL,PONTO_ENCOMENDA,QUANTIDADE_ENCOMENDA,LOCALIZAÇÃO_STOCK,DATA_ÚLTIMA_VENDA,ISBN,EDITORA,COLECÇÃO,TIPO,IMPOSTO) values ('64        ','Liga de Mulheres',to_date('02.05.18','RR.MM.DD'),'18','15','16','4','1','1','Armazém 1',null,null,'6','G  ','R',null);
Insert into LIVROS.LIVROS (CÓDIGO,DESIGNAÇÃO,DATA_PUBLICAÇÃO,PREÇO_VENDA,COMISSÃO_VENDA,PREÇO_COMPRA,STOCK_REAL,PONTO_ENCOMENDA,QUANTIDADE_ENCOMENDA,LOCALIZAÇÃO_STOCK,DATA_ÚLTIMA_VENDA,ISBN,EDITORA,COLECÇÃO,TIPO,IMPOSTO) values ('65        ','Mil e uma formas de levar uma tampa',to_date('02.03.25','RR.MM.DD'),'14','15','12','3','1','1','Armazém 1',null,null,'6','G  ','H',null);
Insert into LIVROS.LIVROS (CÓDIGO,DESIGNAÇÃO,DATA_PUBLICAÇÃO,PREÇO_VENDA,COMISSÃO_VENDA,PREÇO_COMPRA,STOCK_REAL,PONTO_ENCOMENDA,QUANTIDADE_ENCOMENDA,LOCALIZAÇÃO_STOCK,DATA_ÚLTIMA_VENDA,ISBN,EDITORA,COLECÇÃO,TIPO,IMPOSTO) values ('66        ','O Reino Perdido',to_date('02.08.17','RR.MM.DD'),'15','15','13','5','2','1','Armazém 1',null,null,'6','G  ','F',null);
Insert into LIVROS.LIVROS (CÓDIGO,DESIGNAÇÃO,DATA_PUBLICAÇÃO,PREÇO_VENDA,COMISSÃO_VENDA,PREÇO_COMPRA,STOCK_REAL,PONTO_ENCOMENDA,QUANTIDADE_ENCOMENDA,LOCALIZAÇÃO_STOCK,DATA_ÚLTIMA_VENDA,ISBN,EDITORA,COLECÇÃO,TIPO,IMPOSTO) values ('67        ','Tempo Perdido',to_date('02.02.13','RR.MM.DD'),'12','15','9','3','1','1','Armazém 1',null,null,'6','G  ','F',null);
Insert into LIVROS.LIVROS (CÓDIGO,DESIGNAÇÃO,DATA_PUBLICAÇÃO,PREÇO_VENDA,COMISSÃO_VENDA,PREÇO_COMPRA,STOCK_REAL,PONTO_ENCOMENDA,QUANTIDADE_ENCOMENDA,LOCALIZAÇÃO_STOCK,DATA_ÚLTIMA_VENDA,ISBN,EDITORA,COLECÇÃO,TIPO,IMPOSTO) values ('68        ','Doze formas de cometer assassinato',to_date('02.08.17','RR.MM.DD'),'11','15','9','5','2','1','Armazém 2',null,null,'1','D  ','M',null);
Insert into LIVROS.LIVROS (CÓDIGO,DESIGNAÇÃO,DATA_PUBLICAÇÃO,PREÇO_VENDA,COMISSÃO_VENDA,PREÇO_COMPRA,STOCK_REAL,PONTO_ENCOMENDA,QUANTIDADE_ENCOMENDA,LOCALIZAÇÃO_STOCK,DATA_ÚLTIMA_VENDA,ISBN,EDITORA,COLECÇÃO,TIPO,IMPOSTO) values ('69        ','Uma velhinha muito peculiar',to_date('02.07.14','RR.MM.DD'),'15','15','13','6','3','2','Armazém 1',null,null,'9','B  ','F',null);
Insert into LIVROS.LIVROS (CÓDIGO,DESIGNAÇÃO,DATA_PUBLICAÇÃO,PREÇO_VENDA,COMISSÃO_VENDA,PREÇO_COMPRA,STOCK_REAL,PONTO_ENCOMENDA,QUANTIDADE_ENCOMENDA,LOCALIZAÇÃO_STOCK,DATA_ÚLTIMA_VENDA,ISBN,EDITORA,COLECÇÃO,TIPO,IMPOSTO) values ('7         ','Distúrbios comportamentais na adolescência',to_date('02.01.07','RR.MM.DD'),'18','15','16','4','1','2','Armazém 2',null,'777777777777   ','2','A  ','T',null);
Insert into LIVROS.LIVROS (CÓDIGO,DESIGNAÇÃO,DATA_PUBLICAÇÃO,PREÇO_VENDA,COMISSÃO_VENDA,PREÇO_COMPRA,STOCK_REAL,PONTO_ENCOMENDA,QUANTIDADE_ENCOMENDA,LOCALIZAÇÃO_STOCK,DATA_ÚLTIMA_VENDA,ISBN,EDITORA,COLECÇÃO,TIPO,IMPOSTO) values ('70        ','A ilha do Elefante azul',to_date('02.07.18','RR.MM.DD'),'12','15','10','7','3','2','Armazém 1',null,null,'8','F  ','I',null);
Insert into LIVROS.LIVROS (CÓDIGO,DESIGNAÇÃO,DATA_PUBLICAÇÃO,PREÇO_VENDA,COMISSÃO_VENDA,PREÇO_COMPRA,STOCK_REAL,PONTO_ENCOMENDA,QUANTIDADE_ENCOMENDA,LOCALIZAÇÃO_STOCK,DATA_ÚLTIMA_VENDA,ISBN,EDITORA,COLECÇÃO,TIPO,IMPOSTO) values ('71        ','Perdidos',to_date('02.09.20','RR.MM.DD'),'22','20','19','8','6','3','Armazém 1',null,null,'6','G  ','F',null);
Insert into LIVROS.LIVROS (CÓDIGO,DESIGNAÇÃO,DATA_PUBLICAÇÃO,PREÇO_VENDA,COMISSÃO_VENDA,PREÇO_COMPRA,STOCK_REAL,PONTO_ENCOMENDA,QUANTIDADE_ENCOMENDA,LOCALIZAÇÃO_STOCK,DATA_ÚLTIMA_VENDA,ISBN,EDITORA,COLECÇÃO,TIPO,IMPOSTO) values ('72        ','Orfãos de amor',to_date('02.07.24','RR.MM.DD'),'20','20','18','4','2','2','Armazém 2',null,null,'3','C  ','R',null);
Insert into LIVROS.LIVROS (CÓDIGO,DESIGNAÇÃO,DATA_PUBLICAÇÃO,PREÇO_VENDA,COMISSÃO_VENDA,PREÇO_COMPRA,STOCK_REAL,PONTO_ENCOMENDA,QUANTIDADE_ENCOMENDA,LOCALIZAÇÃO_STOCK,DATA_ÚLTIMA_VENDA,ISBN,EDITORA,COLECÇÃO,TIPO,IMPOSTO) values ('73        ','Tardes de Futebol',to_date('02.06.29','RR.MM.DD'),'15','15','13','4','1','1','Armazém 1',null,null,'6','G  ','H',null);
Insert into LIVROS.LIVROS (CÓDIGO,DESIGNAÇÃO,DATA_PUBLICAÇÃO,PREÇO_VENDA,COMISSÃO_VENDA,PREÇO_COMPRA,STOCK_REAL,PONTO_ENCOMENDA,QUANTIDADE_ENCOMENDA,LOCALIZAÇÃO_STOCK,DATA_ÚLTIMA_VENDA,ISBN,EDITORA,COLECÇÃO,TIPO,IMPOSTO) values ('74        ','Lágrimas de Sangue',to_date('02.03.26','RR.MM.DD'),'20','20','17','4','2','1','Armazém 2',null,null,'3','C  ','R',null);
Insert into LIVROS.LIVROS (CÓDIGO,DESIGNAÇÃO,DATA_PUBLICAÇÃO,PREÇO_VENDA,COMISSÃO_VENDA,PREÇO_COMPRA,STOCK_REAL,PONTO_ENCOMENDA,QUANTIDADE_ENCOMENDA,LOCALIZAÇÃO_STOCK,DATA_ÚLTIMA_VENDA,ISBN,EDITORA,COLECÇÃO,TIPO,IMPOSTO) values ('75        ','Desenganos',to_date('02.04.28','RR.MM.DD'),'21','20','19','6','2','2','Armazém 1',null,null,'6','G  ','F',null);
Insert into LIVROS.LIVROS (CÓDIGO,DESIGNAÇÃO,DATA_PUBLICAÇÃO,PREÇO_VENDA,COMISSÃO_VENDA,PREÇO_COMPRA,STOCK_REAL,PONTO_ENCOMENDA,QUANTIDADE_ENCOMENDA,LOCALIZAÇÃO_STOCK,DATA_ÚLTIMA_VENDA,ISBN,EDITORA,COLECÇÃO,TIPO,IMPOSTO) values ('76        ','A tristeza do adeus',to_date('02.06.30','RR.MM.DD'),'12','15','10','3','1','1','Armazém 1',null,null,'6','G  ','P',null);
Insert into LIVROS.LIVROS (CÓDIGO,DESIGNAÇÃO,DATA_PUBLICAÇÃO,PREÇO_VENDA,COMISSÃO_VENDA,PREÇO_COMPRA,STOCK_REAL,PONTO_ENCOMENDA,QUANTIDADE_ENCOMENDA,LOCALIZAÇÃO_STOCK,DATA_ÚLTIMA_VENDA,ISBN,EDITORA,COLECÇÃO,TIPO,IMPOSTO) values ('77        ','Ódio inconfessável',to_date('02.05.03','RR.MM.DD'),'15','15','13','4','2','1','Armazém 1',null,null,'9','B  ','F',null);
Insert into LIVROS.LIVROS (CÓDIGO,DESIGNAÇÃO,DATA_PUBLICAÇÃO,PREÇO_VENDA,COMISSÃO_VENDA,PREÇO_COMPRA,STOCK_REAL,PONTO_ENCOMENDA,QUANTIDADE_ENCOMENDA,LOCALIZAÇÃO_STOCK,DATA_ÚLTIMA_VENDA,ISBN,EDITORA,COLECÇÃO,TIPO,IMPOSTO) values ('78        ','Delícias de Chocolate',to_date('02.05.02','RR.MM.DD'),'20','20','17','7','4','3','Armazém 2',null,null,'5','E  ','T',null);
Insert into LIVROS.LIVROS (CÓDIGO,DESIGNAÇÃO,DATA_PUBLICAÇÃO,PREÇO_VENDA,COMISSÃO_VENDA,PREÇO_COMPRA,STOCK_REAL,PONTO_ENCOMENDA,QUANTIDADE_ENCOMENDA,LOCALIZAÇÃO_STOCK,DATA_ÚLTIMA_VENDA,ISBN,EDITORA,COLECÇÃO,TIPO,IMPOSTO) values ('79        ','Para além mar',to_date('01.04.17','RR.MM.DD'),'19','15','16','4','2','1','Armazém 1',null,null,'9','B  ','R',null);
Insert into LIVROS.LIVROS (CÓDIGO,DESIGNAÇÃO,DATA_PUBLICAÇÃO,PREÇO_VENDA,COMISSÃO_VENDA,PREÇO_COMPRA,STOCK_REAL,PONTO_ENCOMENDA,QUANTIDADE_ENCOMENDA,LOCALIZAÇÃO_STOCK,DATA_ÚLTIMA_VENDA,ISBN,EDITORA,COLECÇÃO,TIPO,IMPOSTO) values ('8         ','A baía das Flores',to_date('02.02.14','RR.MM.DD'),'19','15','8','3','1','1','Armazém 2',null,'111111111111   ','3','C  ','R',null);
Insert into LIVROS.LIVROS (CÓDIGO,DESIGNAÇÃO,DATA_PUBLICAÇÃO,PREÇO_VENDA,COMISSÃO_VENDA,PREÇO_COMPRA,STOCK_REAL,PONTO_ENCOMENDA,QUANTIDADE_ENCOMENDA,LOCALIZAÇÃO_STOCK,DATA_ÚLTIMA_VENDA,ISBN,EDITORA,COLECÇÃO,TIPO,IMPOSTO) values ('80        ','O Alter-Ego de Júlio',to_date('02.04.15','RR.MM.DD'),'18','15','16','4','1','1','Armazém 1',null,null,'6','G  ','F',null);
Insert into LIVROS.LIVROS (CÓDIGO,DESIGNAÇÃO,DATA_PUBLICAÇÃO,PREÇO_VENDA,COMISSÃO_VENDA,PREÇO_COMPRA,STOCK_REAL,PONTO_ENCOMENDA,QUANTIDADE_ENCOMENDA,LOCALIZAÇÃO_STOCK,DATA_ÚLTIMA_VENDA,ISBN,EDITORA,COLECÇÃO,TIPO,IMPOSTO) values ('81        ','A Hora Marcada',to_date('02.08.17','RR.MM.DD'),'12','15','9','4','1','1','Armazém 2',null,null,'1','D  ','M',null);
Insert into LIVROS.LIVROS (CÓDIGO,DESIGNAÇÃO,DATA_PUBLICAÇÃO,PREÇO_VENDA,COMISSÃO_VENDA,PREÇO_COMPRA,STOCK_REAL,PONTO_ENCOMENDA,QUANTIDADE_ENCOMENDA,LOCALIZAÇÃO_STOCK,DATA_ÚLTIMA_VENDA,ISBN,EDITORA,COLECÇÃO,TIPO,IMPOSTO) values ('82        ','A vizinha do lado',to_date('02.04.15','RR.MM.DD'),'13','15','9','3','1','1','Armazém 2',null,null,'1','D  ','M',null);
Insert into LIVROS.LIVROS (CÓDIGO,DESIGNAÇÃO,DATA_PUBLICAÇÃO,PREÇO_VENDA,COMISSÃO_VENDA,PREÇO_COMPRA,STOCK_REAL,PONTO_ENCOMENDA,QUANTIDADE_ENCOMENDA,LOCALIZAÇÃO_STOCK,DATA_ÚLTIMA_VENDA,ISBN,EDITORA,COLECÇÃO,TIPO,IMPOSTO) values ('83        ','Aprender a lidar com o medo',to_date('02.04.18','RR.MM.DD'),'17','15','15','4','2','1','Armazém 1',null,null,'6','G  ','F',null);
Insert into LIVROS.LIVROS (CÓDIGO,DESIGNAÇÃO,DATA_PUBLICAÇÃO,PREÇO_VENDA,COMISSÃO_VENDA,PREÇO_COMPRA,STOCK_REAL,PONTO_ENCOMENDA,QUANTIDADE_ENCOMENDA,LOCALIZAÇÃO_STOCK,DATA_ÚLTIMA_VENDA,ISBN,EDITORA,COLECÇÃO,TIPO,IMPOSTO) values ('84        ','Desamor e ódio: cocktail de um crime',to_date('02.06.27','RR.MM.DD'),'18','15','15','4','2','2','Armazém 1',null,null,'6','G  ','M',null);
Insert into LIVROS.LIVROS (CÓDIGO,DESIGNAÇÃO,DATA_PUBLICAÇÃO,PREÇO_VENDA,COMISSÃO_VENDA,PREÇO_COMPRA,STOCK_REAL,PONTO_ENCOMENDA,QUANTIDADE_ENCOMENDA,LOCALIZAÇÃO_STOCK,DATA_ÚLTIMA_VENDA,ISBN,EDITORA,COLECÇÃO,TIPO,IMPOSTO) values ('85        ','A estrelinha e a menina',to_date('02.05.24','RR.MM.DD'),'10','15','8','6','2','2','Armazém 1',null,null,'8','F  ','I',null);
Insert into LIVROS.LIVROS (CÓDIGO,DESIGNAÇÃO,DATA_PUBLICAÇÃO,PREÇO_VENDA,COMISSÃO_VENDA,PREÇO_COMPRA,STOCK_REAL,PONTO_ENCOMENDA,QUANTIDADE_ENCOMENDA,LOCALIZAÇÃO_STOCK,DATA_ÚLTIMA_VENDA,ISBN,EDITORA,COLECÇÃO,TIPO,IMPOSTO) values ('86        ','Uma formiguinha no campo',to_date('02.04.09','RR.MM.DD'),'9','15','7','4','2','2','Armazém 1',null,null,'8','F  ','I',null);
Insert into LIVROS.LIVROS (CÓDIGO,DESIGNAÇÃO,DATA_PUBLICAÇÃO,PREÇO_VENDA,COMISSÃO_VENDA,PREÇO_COMPRA,STOCK_REAL,PONTO_ENCOMENDA,QUANTIDADE_ENCOMENDA,LOCALIZAÇÃO_STOCK,DATA_ÚLTIMA_VENDA,ISBN,EDITORA,COLECÇÃO,TIPO,IMPOSTO) values ('87        ','Amor cego',to_date('02.03.16','RR.MM.DD'),'21','20','19','6','3','2','Armazém 2',null,null,'3','C  ','R',null);
Insert into LIVROS.LIVROS (CÓDIGO,DESIGNAÇÃO,DATA_PUBLICAÇÃO,PREÇO_VENDA,COMISSÃO_VENDA,PREÇO_COMPRA,STOCK_REAL,PONTO_ENCOMENDA,QUANTIDADE_ENCOMENDA,LOCALIZAÇÃO_STOCK,DATA_ÚLTIMA_VENDA,ISBN,EDITORA,COLECÇÃO,TIPO,IMPOSTO) values ('88        ','Ovelhas tresmalhadas',to_date('02.06.23','RR.MM.DD'),'24','20','20','8','5','2','Armazém 2',null,null,'3','C  ','R',null);
Insert into LIVROS.LIVROS (CÓDIGO,DESIGNAÇÃO,DATA_PUBLICAÇÃO,PREÇO_VENDA,COMISSÃO_VENDA,PREÇO_COMPRA,STOCK_REAL,PONTO_ENCOMENDA,QUANTIDADE_ENCOMENDA,LOCALIZAÇÃO_STOCK,DATA_ÚLTIMA_VENDA,ISBN,EDITORA,COLECÇÃO,TIPO,IMPOSTO) values ('89        ','Futebol: a nossa razão de ser',to_date('02.05.18','RR.MM.DD'),'12','15','9','4','2','1','Armazém 1',null,null,'6','G  ','H',null);
Insert into LIVROS.LIVROS (CÓDIGO,DESIGNAÇÃO,DATA_PUBLICAÇÃO,PREÇO_VENDA,COMISSÃO_VENDA,PREÇO_COMPRA,STOCK_REAL,PONTO_ENCOMENDA,QUANTIDADE_ENCOMENDA,LOCALIZAÇÃO_STOCK,DATA_ÚLTIMA_VENDA,ISBN,EDITORA,COLECÇÃO,TIPO,IMPOSTO) values ('9         ','Um crime imperfeito',to_date('02.03.12','RR.MM.DD'),'22','20','12','8','4','3','Armazém 2',null,null,'1','D  ','M',null);
Insert into LIVROS.LIVROS (CÓDIGO,DESIGNAÇÃO,DATA_PUBLICAÇÃO,PREÇO_VENDA,COMISSÃO_VENDA,PREÇO_COMPRA,STOCK_REAL,PONTO_ENCOMENDA,QUANTIDADE_ENCOMENDA,LOCALIZAÇÃO_STOCK,DATA_ÚLTIMA_VENDA,ISBN,EDITORA,COLECÇÃO,TIPO,IMPOSTO) values ('90        ','Paz interior',to_date('02.06.07','RR.MM.DD'),'11','15','9','3','1','1','Armazém 1',null,null,'6','G  ','E',null);
Insert into LIVROS.LIVROS (CÓDIGO,DESIGNAÇÃO,DATA_PUBLICAÇÃO,PREÇO_VENDA,COMISSÃO_VENDA,PREÇO_COMPRA,STOCK_REAL,PONTO_ENCOMENDA,QUANTIDADE_ENCOMENDA,LOCALIZAÇÃO_STOCK,DATA_ÚLTIMA_VENDA,ISBN,EDITORA,COLECÇÃO,TIPO,IMPOSTO) values ('91        ','Querido Pai Natal',to_date('02.11.12','RR.MM.DD'),'15','15','13','7','5','4','Armazém 1',null,null,'8','F  ','I',null);
Insert into LIVROS.LIVROS (CÓDIGO,DESIGNAÇÃO,DATA_PUBLICAÇÃO,PREÇO_VENDA,COMISSÃO_VENDA,PREÇO_COMPRA,STOCK_REAL,PONTO_ENCOMENDA,QUANTIDADE_ENCOMENDA,LOCALIZAÇÃO_STOCK,DATA_ÚLTIMA_VENDA,ISBN,EDITORA,COLECÇÃO,TIPO,IMPOSTO) values ('92        ','Enfrentar a palavra Cancro',to_date('02.09.22','RR.MM.DD'),'26','20','23','8','5','4','Armazém 2',null,null,'2','A  ','T',null);
Insert into LIVROS.LIVROS (CÓDIGO,DESIGNAÇÃO,DATA_PUBLICAÇÃO,PREÇO_VENDA,COMISSÃO_VENDA,PREÇO_COMPRA,STOCK_REAL,PONTO_ENCOMENDA,QUANTIDADE_ENCOMENDA,LOCALIZAÇÃO_STOCK,DATA_ÚLTIMA_VENDA,ISBN,EDITORA,COLECÇÃO,TIPO,IMPOSTO) values ('93        ','Ratão e Companhia',to_date('02.09.06','RR.MM.DD'),'13','15','10','4','2','1','Armazém 1',null,null,'6','G  ','H',null);
Insert into LIVROS.LIVROS (CÓDIGO,DESIGNAÇÃO,DATA_PUBLICAÇÃO,PREÇO_VENDA,COMISSÃO_VENDA,PREÇO_COMPRA,STOCK_REAL,PONTO_ENCOMENDA,QUANTIDADE_ENCOMENDA,LOCALIZAÇÃO_STOCK,DATA_ÚLTIMA_VENDA,ISBN,EDITORA,COLECÇÃO,TIPO,IMPOSTO) values ('94        ','Silêncios',to_date('01.05.05','RR.MM.DD'),'8','15','7','4','1','1','Armazém 1',null,null,'6','G  ','P',null);
Insert into LIVROS.LIVROS (CÓDIGO,DESIGNAÇÃO,DATA_PUBLICAÇÃO,PREÇO_VENDA,COMISSÃO_VENDA,PREÇO_COMPRA,STOCK_REAL,PONTO_ENCOMENDA,QUANTIDADE_ENCOMENDA,LOCALIZAÇÃO_STOCK,DATA_ÚLTIMA_VENDA,ISBN,EDITORA,COLECÇÃO,TIPO,IMPOSTO) values ('95        ','A Medicina Desportiva na actualidade',to_date('02.07.18','RR.MM.DD'),'20','20','18','6','4','2','Armazém 2',null,null,'2','A  ','T',null);
Insert into LIVROS.LIVROS (CÓDIGO,DESIGNAÇÃO,DATA_PUBLICAÇÃO,PREÇO_VENDA,COMISSÃO_VENDA,PREÇO_COMPRA,STOCK_REAL,PONTO_ENCOMENDA,QUANTIDADE_ENCOMENDA,LOCALIZAÇÃO_STOCK,DATA_ÚLTIMA_VENDA,ISBN,EDITORA,COLECÇÃO,TIPO,IMPOSTO) values ('96        ','Um amor perdido no tempo',to_date('02.08.09','RR.MM.DD'),'23','20','20','6','4','3','Armazém 2',null,null,'3','C  ','R',null);
Insert into LIVROS.LIVROS (CÓDIGO,DESIGNAÇÃO,DATA_PUBLICAÇÃO,PREÇO_VENDA,COMISSÃO_VENDA,PREÇO_COMPRA,STOCK_REAL,PONTO_ENCOMENDA,QUANTIDADE_ENCOMENDA,LOCALIZAÇÃO_STOCK,DATA_ÚLTIMA_VENDA,ISBN,EDITORA,COLECÇÃO,TIPO,IMPOSTO) values ('97        ','O menino elefante',to_date('01.10.17','RR.MM.DD'),'20','20','17','8','6','3','Armazém 1',null,null,'6','G  ','F',null);
Insert into LIVROS.LIVROS (CÓDIGO,DESIGNAÇÃO,DATA_PUBLICAÇÃO,PREÇO_VENDA,COMISSÃO_VENDA,PREÇO_COMPRA,STOCK_REAL,PONTO_ENCOMENDA,QUANTIDADE_ENCOMENDA,LOCALIZAÇÃO_STOCK,DATA_ÚLTIMA_VENDA,ISBN,EDITORA,COLECÇÃO,TIPO,IMPOSTO) values ('98        ','Ideias quase brilhantes',to_date('02.11.19','RR.MM.DD'),'14','15','11','4','2','1','Armazém 1',null,null,'6','G  ','H',null);
Insert into LIVROS.LIVROS (CÓDIGO,DESIGNAÇÃO,DATA_PUBLICAÇÃO,PREÇO_VENDA,COMISSÃO_VENDA,PREÇO_COMPRA,STOCK_REAL,PONTO_ENCOMENDA,QUANTIDADE_ENCOMENDA,LOCALIZAÇÃO_STOCK,DATA_ÚLTIMA_VENDA,ISBN,EDITORA,COLECÇÃO,TIPO,IMPOSTO) values ('99        ','Uma formiguinha no oceanário',to_date('02.10.20','RR.MM.DD'),'15','15','12','5','2','2','Armazém 1',null,null,'8','F  ','I',null);
REM INSERTING into LIVROS.LIVROS_AUTORES
SET DEFINE OFF;
Insert into LIVROS.LIVROS_AUTORES (LIVRO,AUTOR) values ('1         ','1    ');
Insert into LIVROS.LIVROS_AUTORES (LIVRO,AUTOR) values ('1         ','2    ');
Insert into LIVROS.LIVROS_AUTORES (LIVRO,AUTOR) values ('10        ','15   ');
Insert into LIVROS.LIVROS_AUTORES (LIVRO,AUTOR) values ('100       ','23   ');
Insert into LIVROS.LIVROS_AUTORES (LIVRO,AUTOR) values ('11        ','13   ');
Insert into LIVROS.LIVROS_AUTORES (LIVRO,AUTOR) values ('12        ','16   ');
Insert into LIVROS.LIVROS_AUTORES (LIVRO,AUTOR) values ('13        ','4    ');
Insert into LIVROS.LIVROS_AUTORES (LIVRO,AUTOR) values ('14        ','15   ');
Insert into LIVROS.LIVROS_AUTORES (LIVRO,AUTOR) values ('15        ','17   ');
Insert into LIVROS.LIVROS_AUTORES (LIVRO,AUTOR) values ('16        ','4    ');
Insert into LIVROS.LIVROS_AUTORES (LIVRO,AUTOR) values ('17        ','12   ');
Insert into LIVROS.LIVROS_AUTORES (LIVRO,AUTOR) values ('18        ','2    ');
Insert into LIVROS.LIVROS_AUTORES (LIVRO,AUTOR) values ('19        ','13   ');
Insert into LIVROS.LIVROS_AUTORES (LIVRO,AUTOR) values ('2         ','15   ');
Insert into LIVROS.LIVROS_AUTORES (LIVRO,AUTOR) values ('2         ','2    ');
Insert into LIVROS.LIVROS_AUTORES (LIVRO,AUTOR) values ('20        ','10   ');
Insert into LIVROS.LIVROS_AUTORES (LIVRO,AUTOR) values ('21        ','3    ');
Insert into LIVROS.LIVROS_AUTORES (LIVRO,AUTOR) values ('22        ','10   ');
Insert into LIVROS.LIVROS_AUTORES (LIVRO,AUTOR) values ('23        ','18   ');
Insert into LIVROS.LIVROS_AUTORES (LIVRO,AUTOR) values ('24        ','18   ');
Insert into LIVROS.LIVROS_AUTORES (LIVRO,AUTOR) values ('25        ','11   ');
Insert into LIVROS.LIVROS_AUTORES (LIVRO,AUTOR) values ('25        ','17   ');
Insert into LIVROS.LIVROS_AUTORES (LIVRO,AUTOR) values ('26        ','11   ');
Insert into LIVROS.LIVROS_AUTORES (LIVRO,AUTOR) values ('26        ','17   ');
Insert into LIVROS.LIVROS_AUTORES (LIVRO,AUTOR) values ('27        ','18   ');
Insert into LIVROS.LIVROS_AUTORES (LIVRO,AUTOR) values ('28        ','18   ');
Insert into LIVROS.LIVROS_AUTORES (LIVRO,AUTOR) values ('29        ','10   ');
Insert into LIVROS.LIVROS_AUTORES (LIVRO,AUTOR) values ('3         ','6    ');
Insert into LIVROS.LIVROS_AUTORES (LIVRO,AUTOR) values ('30        ','2    ');
Insert into LIVROS.LIVROS_AUTORES (LIVRO,AUTOR) values ('31        ','10   ');
Insert into LIVROS.LIVROS_AUTORES (LIVRO,AUTOR) values ('32        ','6    ');
Insert into LIVROS.LIVROS_AUTORES (LIVRO,AUTOR) values ('33        ','15   ');
Insert into LIVROS.LIVROS_AUTORES (LIVRO,AUTOR) values ('34        ','16   ');
Insert into LIVROS.LIVROS_AUTORES (LIVRO,AUTOR) values ('35        ','18   ');
Insert into LIVROS.LIVROS_AUTORES (LIVRO,AUTOR) values ('36        ','19   ');
Insert into LIVROS.LIVROS_AUTORES (LIVRO,AUTOR) values ('37        ','4    ');
Insert into LIVROS.LIVROS_AUTORES (LIVRO,AUTOR) values ('38        ','11   ');
Insert into LIVROS.LIVROS_AUTORES (LIVRO,AUTOR) values ('38        ','2    ');
Insert into LIVROS.LIVROS_AUTORES (LIVRO,AUTOR) values ('39        ','12   ');
Insert into LIVROS.LIVROS_AUTORES (LIVRO,AUTOR) values ('4         ','4    ');
Insert into LIVROS.LIVROS_AUTORES (LIVRO,AUTOR) values ('40        ','3    ');
Insert into LIVROS.LIVROS_AUTORES (LIVRO,AUTOR) values ('41        ','18   ');
Insert into LIVROS.LIVROS_AUTORES (LIVRO,AUTOR) values ('42        ','22   ');
Insert into LIVROS.LIVROS_AUTORES (LIVRO,AUTOR) values ('43        ','8    ');
Insert into LIVROS.LIVROS_AUTORES (LIVRO,AUTOR) values ('44        ','20   ');
Insert into LIVROS.LIVROS_AUTORES (LIVRO,AUTOR) values ('45        ','21   ');
Insert into LIVROS.LIVROS_AUTORES (LIVRO,AUTOR) values ('46        ','11   ');
Insert into LIVROS.LIVROS_AUTORES (LIVRO,AUTOR) values ('46        ','17   ');
Insert into LIVROS.LIVROS_AUTORES (LIVRO,AUTOR) values ('47        ','19   ');
Insert into LIVROS.LIVROS_AUTORES (LIVRO,AUTOR) values ('48        ','6    ');
Insert into LIVROS.LIVROS_AUTORES (LIVRO,AUTOR) values ('49        ','22   ');
Insert into LIVROS.LIVROS_AUTORES (LIVRO,AUTOR) values ('5         ','4    ');
Insert into LIVROS.LIVROS_AUTORES (LIVRO,AUTOR) values ('50        ','20   ');
Insert into LIVROS.LIVROS_AUTORES (LIVRO,AUTOR) values ('51        ','22   ');
Insert into LIVROS.LIVROS_AUTORES (LIVRO,AUTOR) values ('52        ','7    ');
Insert into LIVROS.LIVROS_AUTORES (LIVRO,AUTOR) values ('53        ','2    ');
Insert into LIVROS.LIVROS_AUTORES (LIVRO,AUTOR) values ('54        ','21   ');
Insert into LIVROS.LIVROS_AUTORES (LIVRO,AUTOR) values ('55        ','16   ');
Insert into LIVROS.LIVROS_AUTORES (LIVRO,AUTOR) values ('56        ','1    ');
Insert into LIVROS.LIVROS_AUTORES (LIVRO,AUTOR) values ('56        ','11   ');
Insert into LIVROS.LIVROS_AUTORES (LIVRO,AUTOR) values ('56        ','2    ');
Insert into LIVROS.LIVROS_AUTORES (LIVRO,AUTOR) values ('57        ','16   ');
Insert into LIVROS.LIVROS_AUTORES (LIVRO,AUTOR) values ('58        ','18   ');
Insert into LIVROS.LIVROS_AUTORES (LIVRO,AUTOR) values ('59        ','20   ');
Insert into LIVROS.LIVROS_AUTORES (LIVRO,AUTOR) values ('6         ','1    ');
Insert into LIVROS.LIVROS_AUTORES (LIVRO,AUTOR) values ('6         ','5    ');
Insert into LIVROS.LIVROS_AUTORES (LIVRO,AUTOR) values ('60        ','19   ');
Insert into LIVROS.LIVROS_AUTORES (LIVRO,AUTOR) values ('61        ','7    ');
Insert into LIVROS.LIVROS_AUTORES (LIVRO,AUTOR) values ('62        ','1    ');
Insert into LIVROS.LIVROS_AUTORES (LIVRO,AUTOR) values ('62        ','5    ');
Insert into LIVROS.LIVROS_AUTORES (LIVRO,AUTOR) values ('63        ','5    ');
Insert into LIVROS.LIVROS_AUTORES (LIVRO,AUTOR) values ('64        ','10   ');
Insert into LIVROS.LIVROS_AUTORES (LIVRO,AUTOR) values ('65        ','19   ');
Insert into LIVROS.LIVROS_AUTORES (LIVRO,AUTOR) values ('66        ','8    ');
Insert into LIVROS.LIVROS_AUTORES (LIVRO,AUTOR) values ('67        ','6    ');
Insert into LIVROS.LIVROS_AUTORES (LIVRO,AUTOR) values ('68        ','13   ');
Insert into LIVROS.LIVROS_AUTORES (LIVRO,AUTOR) values ('69        ','16   ');
Insert into LIVROS.LIVROS_AUTORES (LIVRO,AUTOR) values ('7         ','11   ');
Insert into LIVROS.LIVROS_AUTORES (LIVRO,AUTOR) values ('70        ','20   ');
Insert into LIVROS.LIVROS_AUTORES (LIVRO,AUTOR) values ('71        ','8    ');
Insert into LIVROS.LIVROS_AUTORES (LIVRO,AUTOR) values ('72        ','3    ');
Insert into LIVROS.LIVROS_AUTORES (LIVRO,AUTOR) values ('73        ','19   ');
Insert into LIVROS.LIVROS_AUTORES (LIVRO,AUTOR) values ('74        ','12   ');
Insert into LIVROS.LIVROS_AUTORES (LIVRO,AUTOR) values ('75        ','6    ');
Insert into LIVROS.LIVROS_AUTORES (LIVRO,AUTOR) values ('76        ','9    ');
Insert into LIVROS.LIVROS_AUTORES (LIVRO,AUTOR) values ('77        ','23   ');
Insert into LIVROS.LIVROS_AUTORES (LIVRO,AUTOR) values ('78        ','21   ');
Insert into LIVROS.LIVROS_AUTORES (LIVRO,AUTOR) values ('79        ','22   ');
Insert into LIVROS.LIVROS_AUTORES (LIVRO,AUTOR) values ('8         ','12   ');
Insert into LIVROS.LIVROS_AUTORES (LIVRO,AUTOR) values ('80        ','8    ');
Insert into LIVROS.LIVROS_AUTORES (LIVRO,AUTOR) values ('81        ','24   ');
Insert into LIVROS.LIVROS_AUTORES (LIVRO,AUTOR) values ('82        ','10   ');
Insert into LIVROS.LIVROS_AUTORES (LIVRO,AUTOR) values ('83        ','6    ');
Insert into LIVROS.LIVROS_AUTORES (LIVRO,AUTOR) values ('84        ','16   ');
Insert into LIVROS.LIVROS_AUTORES (LIVRO,AUTOR) values ('85        ','20   ');
Insert into LIVROS.LIVROS_AUTORES (LIVRO,AUTOR) values ('86        ','18   ');
Insert into LIVROS.LIVROS_AUTORES (LIVRO,AUTOR) values ('87        ','12   ');
Insert into LIVROS.LIVROS_AUTORES (LIVRO,AUTOR) values ('88        ','4    ');
Insert into LIVROS.LIVROS_AUTORES (LIVRO,AUTOR) values ('89        ','19   ');
Insert into LIVROS.LIVROS_AUTORES (LIVRO,AUTOR) values ('9         ','14   ');
Insert into LIVROS.LIVROS_AUTORES (LIVRO,AUTOR) values ('90        ','7    ');
Insert into LIVROS.LIVROS_AUTORES (LIVRO,AUTOR) values ('91        ','20   ');
Insert into LIVROS.LIVROS_AUTORES (LIVRO,AUTOR) values ('92        ','1    ');
Insert into LIVROS.LIVROS_AUTORES (LIVRO,AUTOR) values ('92        ','2    ');
Insert into LIVROS.LIVROS_AUTORES (LIVRO,AUTOR) values ('93        ','19   ');
Insert into LIVROS.LIVROS_AUTORES (LIVRO,AUTOR) values ('94        ','9    ');
Insert into LIVROS.LIVROS_AUTORES (LIVRO,AUTOR) values ('95        ','1    ');
Insert into LIVROS.LIVROS_AUTORES (LIVRO,AUTOR) values ('95        ','11   ');
Insert into LIVROS.LIVROS_AUTORES (LIVRO,AUTOR) values ('95        ','5    ');
Insert into LIVROS.LIVROS_AUTORES (LIVRO,AUTOR) values ('96        ','12   ');
Insert into LIVROS.LIVROS_AUTORES (LIVRO,AUTOR) values ('97        ','10   ');
Insert into LIVROS.LIVROS_AUTORES (LIVRO,AUTOR) values ('98        ','19   ');
Insert into LIVROS.LIVROS_AUTORES (LIVRO,AUTOR) values ('99        ','18   ');
REM INSERTING into LIVROS.LIVROS_PROMOÇÕES
SET DEFINE OFF;
REM INSERTING into LIVROS.LOCAIS_VENDA
SET DEFINE OFF;
Insert into LIVROS.LOCAIS_VENDA (CÓDIGO,DESIGNAÇÃO) values ('1','Loja Central ');
Insert into LIVROS.LOCAIS_VENDA (CÓDIGO,DESIGNAÇÃO) values ('2','Quiosque K1');
Insert into LIVROS.LOCAIS_VENDA (CÓDIGO,DESIGNAÇÃO) values ('3','Quiosque X-El');
Insert into LIVROS.LOCAIS_VENDA (CÓDIGO,DESIGNAÇÃO) values ('4','Porta-a-Porta');
Insert into LIVROS.LOCAIS_VENDA (CÓDIGO,DESIGNAÇÃO) values ('5','Loja da Baixa');
REM INSERTING into LIVROS.LOCALIDADES
SET DEFINE OFF;
Insert into LIVROS.LOCALIDADES (CÓDIGO,DESIGNAÇÃO) values ('AVE','Aveiro');
Insert into LIVROS.LOCALIDADES (CÓDIGO,DESIGNAÇÃO) values ('BRA','Braga');
Insert into LIVROS.LOCALIDADES (CÓDIGO,DESIGNAÇÃO) values ('CBR','Castelo Branco');
Insert into LIVROS.LOCALIDADES (CÓDIGO,DESIGNAÇÃO) values ('COI','Coimbra');
Insert into LIVROS.LOCALIDADES (CÓDIGO,DESIGNAÇÃO) values ('DIL','Díli');
Insert into LIVROS.LOCALIDADES (CÓDIGO,DESIGNAÇÃO) values ('EVO','Évora');
Insert into LIVROS.LOCALIDADES (CÓDIGO,DESIGNAÇÃO) values ('FAR','Faro');
Insert into LIVROS.LOCALIDADES (CÓDIGO,DESIGNAÇÃO) values ('LIS','Lisboa');
Insert into LIVROS.LOCALIDADES (CÓDIGO,DESIGNAÇÃO) values ('LUA','Luanda');
Insert into LIVROS.LOCALIDADES (CÓDIGO,DESIGNAÇÃO) values ('POR','Porto');
Insert into LIVROS.LOCALIDADES (CÓDIGO,DESIGNAÇÃO) values ('RJA','Rio de Janeiro');
Insert into LIVROS.LOCALIDADES (CÓDIGO,DESIGNAÇÃO) values ('SET','Setúbal');
Insert into LIVROS.LOCALIDADES (CÓDIGO,DESIGNAÇÃO) values ('SPA','São Paulo');
Insert into LIVROS.LOCALIDADES (CÓDIGO,DESIGNAÇÃO) values ('SSB','São Salvador da Bahia');
Insert into LIVROS.LOCALIDADES (CÓDIGO,DESIGNAÇÃO) values ('VCA','Viana do Castelo');
REM INSERTING into LIVROS.PAÍSES
SET DEFINE OFF;
Insert into LIVROS.PAÍSES (CÓDIGO,DESIGNAÇÃO) values ('ANG','Angola');
Insert into LIVROS.PAÍSES (CÓDIGO,DESIGNAÇÃO) values ('BRA','Brasil');
Insert into LIVROS.PAÍSES (CÓDIGO,DESIGNAÇÃO) values ('CAV','Cabo Verde');
Insert into LIVROS.PAÍSES (CÓDIGO,DESIGNAÇÃO) values ('MOC','Moçambique');
Insert into LIVROS.PAÍSES (CÓDIGO,DESIGNAÇÃO) values ('POR','Portugal');
Insert into LIVROS.PAÍSES (CÓDIGO,DESIGNAÇÃO) values ('STP','São Tomé e Princípe');
Insert into LIVROS.PAÍSES (CÓDIGO,DESIGNAÇÃO) values ('TIM','Timor Leste');
REM INSERTING into LIVROS.PROFISSÕES
SET DEFINE OFF;
Insert into LIVROS.PROFISSÕES (CÓDIGO,DESIGNAÇÃO) values ('1','Professor');
Insert into LIVROS.PROFISSÕES (CÓDIGO,DESIGNAÇÃO) values ('2','Engenheiro');
Insert into LIVROS.PROFISSÕES (CÓDIGO,DESIGNAÇÃO) values ('7','Médico');
Insert into LIVROS.PROFISSÕES (CÓDIGO,DESIGNAÇÃO) values ('8','Psicólogo');
Insert into LIVROS.PROFISSÕES (CÓDIGO,DESIGNAÇÃO) values ('9','Cozinheiro');
Insert into LIVROS.PROFISSÕES (CÓDIGO,DESIGNAÇÃO) values ('10','Escritor');
Insert into LIVROS.PROFISSÕES (CÓDIGO,DESIGNAÇÃO) values ('11','Jornalista');
Insert into LIVROS.PROFISSÕES (CÓDIGO,DESIGNAÇÃO) values ('12','Poeta');
Insert into LIVROS.PROFISSÕES (CÓDIGO,DESIGNAÇÃO) values ('13','Humorista');
Insert into LIVROS.PROFISSÕES (CÓDIGO,DESIGNAÇÃO) values ('14','Investigador policial');
Insert into LIVROS.PROFISSÕES (CÓDIGO,DESIGNAÇÃO) values ('15','Estudante');
Insert into LIVROS.PROFISSÕES (CÓDIGO,DESIGNAÇÃO) values ('16','Enfermeiro');
Insert into LIVROS.PROFISSÕES (CÓDIGO,DESIGNAÇÃO) values ('17','Taxista');
Insert into LIVROS.PROFISSÕES (CÓDIGO,DESIGNAÇÃO) values ('18','Balconista');
Insert into LIVROS.PROFISSÕES (CÓDIGO,DESIGNAÇÃO) values ('19','Cabeleireiro');
Insert into LIVROS.PROFISSÕES (CÓDIGO,DESIGNAÇÃO) values ('20','Motorista');
REM INSERTING into LIVROS.PROMOÇÕES
SET DEFINE OFF;
Insert into LIVROS.PROMOÇÕES (CÓDIGO,DESIGNAÇÃO,DESCONTO) values ('PR1','Lançamento da Formiguinha','2');
Insert into LIVROS.PROMOÇÕES (CÓDIGO,DESIGNAÇÃO,DESCONTO) values ('PR2','Promoção Cozinha para Todos','4');
Insert into LIVROS.PROMOÇÕES (CÓDIGO,DESIGNAÇÃO,DESCONTO) values ('PR3','Lançamento da Colecção Mistérios a desvendar','3');
Insert into LIVROS.PROMOÇÕES (CÓDIGO,DESIGNAÇÃO,DESCONTO) values ('PR4','Campanha Novos Talentos','2');
Insert into LIVROS.PROMOÇÕES (CÓDIGO,DESIGNAÇÃO,DESCONTO) values ('SPR','Sem promoção','0');
REM INSERTING into LIVROS.REGIÕES
SET DEFINE OFF;
Insert into LIVROS.REGIÕES (CÓDIGO,DESCRIÇÃO) values ('LVT','Lisboa e Vale do Tejo');
Insert into LIVROS.REGIÕES (CÓDIGO,DESCRIÇÃO) values ('MIN','Minho');
Insert into LIVROS.REGIÕES (CÓDIGO,DESCRIÇÃO) values ('PEA','Porto e Arredores');
Insert into LIVROS.REGIÕES (CÓDIGO,DESCRIÇÃO) values ('RBI','Região da Beira Interior');
Insert into LIVROS.REGIÕES (CÓDIGO,DESCRIÇÃO) values ('RCA','região Central do Alentejo');
Insert into LIVROS.REGIÕES (CÓDIGO,DESCRIÇÃO) values ('RCI','Região Centro - Interior');
Insert into LIVROS.REGIÕES (CÓDIGO,DESCRIÇÃO) values ('RCL','Reigião Centro - Litoral ');
Insert into LIVROS.REGIÕES (CÓDIGO,DESCRIÇÃO) values ('RLA','Região Litoral Algarvia');
REM INSERTING into LIVROS.TIPOS
SET DEFINE OFF;
Insert into LIVROS.TIPOS (CÓDIGO,DESIGNAÇÃO) values ('A','Arte');
Insert into LIVROS.TIPOS (CÓDIGO,DESIGNAÇÃO) values ('D','Diversos');
Insert into LIVROS.TIPOS (CÓDIGO,DESIGNAÇÃO) values ('E','Esoterismo');
Insert into LIVROS.TIPOS (CÓDIGO,DESIGNAÇÃO) values ('F','Ficção');
Insert into LIVROS.TIPOS (CÓDIGO,DESIGNAÇÃO) values ('H','Humor');
Insert into LIVROS.TIPOS (CÓDIGO,DESIGNAÇÃO) values ('I','Infantil');
Insert into LIVROS.TIPOS (CÓDIGO,DESIGNAÇÃO) values ('M','Mistério');
Insert into LIVROS.TIPOS (CÓDIGO,DESIGNAÇÃO) values ('P','Poesia');
Insert into LIVROS.TIPOS (CÓDIGO,DESIGNAÇÃO) values ('R','Romance');
Insert into LIVROS.TIPOS (CÓDIGO,DESIGNAÇÃO) values ('T','Técnico');
REM INSERTING into LIVROS.TOTAISVENDASDIÁRIASEDITORAS
SET DEFINE OFF;
REM INSERTING into LIVROS.TOTAISVENDASDIÁRIASGERAL
SET DEFINE OFF;
REM INSERTING into LIVROS.TOTAISVENDASDIÁRIASLIVROS
SET DEFINE OFF;
REM INSERTING into LIVROS.TT_UDFLIVROSDAEDITORA
SET DEFINE OFF;
REM INSERTING into LIVROS.TT_V_LUCROLIVROSEDITORA
SET DEFINE OFF;
REM INSERTING into LIVROS.VENDAS
SET DEFINE OFF;
Insert into LIVROS.VENDAS (NÚMERO,DATA,CLIENTE,FUNCIONÁRIO,LOCAL_VENDA,TOTAL,OBSERVAÇÕES,DATA_REGISTO) values ('VLC-001   ',to_date('02.02.02','RR.MM.DD'),'17','1','1','85',null,to_date('02.02.02','RR.MM.DD'));
Insert into LIVROS.VENDAS (NÚMERO,DATA,CLIENTE,FUNCIONÁRIO,LOCAL_VENDA,TOTAL,OBSERVAÇÕES,DATA_REGISTO) values ('VLC-002   ',to_date('02.02.13','RR.MM.DD'),'1','4','1','16',null,to_date('02.02.13','RR.MM.DD'));
Insert into LIVROS.VENDAS (NÚMERO,DATA,CLIENTE,FUNCIONÁRIO,LOCAL_VENDA,TOTAL,OBSERVAÇÕES,DATA_REGISTO) values ('VLC-003   ',to_date('02.02.20','RR.MM.DD'),'6','1','1','17,55',null,to_date('02.02.20','RR.MM.DD'));
Insert into LIVROS.VENDAS (NÚMERO,DATA,CLIENTE,FUNCIONÁRIO,LOCAL_VENDA,TOTAL,OBSERVAÇÕES,DATA_REGISTO) values ('VLC-004   ',to_date('02.03.10','RR.MM.DD'),'17','3','1','35,49',null,null);
Insert into LIVROS.VENDAS (NÚMERO,DATA,CLIENTE,FUNCIONÁRIO,LOCAL_VENDA,TOTAL,OBSERVAÇÕES,DATA_REGISTO) values ('VLC-005   ',to_date('02.03.11','RR.MM.DD'),'27','15','1','23,82',null,null);
Insert into LIVROS.VENDAS (NÚMERO,DATA,CLIENTE,FUNCIONÁRIO,LOCAL_VENDA,TOTAL,OBSERVAÇÕES,DATA_REGISTO) values ('VLC-006   ',to_date('02.03.15','RR.MM.DD'),'19','1','1','24',null,null);
Insert into LIVROS.VENDAS (NÚMERO,DATA,CLIENTE,FUNCIONÁRIO,LOCAL_VENDA,TOTAL,OBSERVAÇÕES,DATA_REGISTO) values ('VLC-007   ',to_date('02.03.26','RR.MM.DD'),'1','4','1','24',null,null);
Insert into LIVROS.VENDAS (NÚMERO,DATA,CLIENTE,FUNCIONÁRIO,LOCAL_VENDA,TOTAL,OBSERVAÇÕES,DATA_REGISTO) values ('VLC-008   ',to_date('02.04.04','RR.MM.DD'),'20','10','1','11,76',null,null);
Insert into LIVROS.VENDAS (NÚMERO,DATA,CLIENTE,FUNCIONÁRIO,LOCAL_VENDA,TOTAL,OBSERVAÇÕES,DATA_REGISTO) values ('VLC-009   ',to_date('02.04.16','RR.MM.DD'),'28','10','1','23',null,null);
Insert into LIVROS.VENDAS (NÚMERO,DATA,CLIENTE,FUNCIONÁRIO,LOCAL_VENDA,TOTAL,OBSERVAÇÕES,DATA_REGISTO) values ('VLC-010   ',to_date('02.04.18','RR.MM.DD'),'31','1','1','42',null,null);
Insert into LIVROS.VENDAS (NÚMERO,DATA,CLIENTE,FUNCIONÁRIO,LOCAL_VENDA,TOTAL,OBSERVAÇÕES,DATA_REGISTO) values ('VLC-011   ',to_date('02.04.19','RR.MM.DD'),'6','15','1','11,76',null,null);
Insert into LIVROS.VENDAS (NÚMERO,DATA,CLIENTE,FUNCIONÁRIO,LOCAL_VENDA,TOTAL,OBSERVAÇÕES,DATA_REGISTO) values ('VLC-012   ',to_date('02.04.19','RR.MM.DD'),'15','3','1','18',null,null);
Insert into LIVROS.VENDAS (NÚMERO,DATA,CLIENTE,FUNCIONÁRIO,LOCAL_VENDA,TOTAL,OBSERVAÇÕES,DATA_REGISTO) values ('VLC-013   ',to_date('02.04.27','RR.MM.DD'),'19','3','1','52,76',null,null);
Insert into LIVROS.VENDAS (NÚMERO,DATA,CLIENTE,FUNCIONÁRIO,LOCAL_VENDA,TOTAL,OBSERVAÇÕES,DATA_REGISTO) values ('VLC-014   ',to_date('02.04.30','RR.MM.DD'),'24','3','1','70,82',null,null);
Insert into LIVROS.VENDAS (NÚMERO,DATA,CLIENTE,FUNCIONÁRIO,LOCAL_VENDA,TOTAL,OBSERVAÇÕES,DATA_REGISTO) values ('VLC-015   ',to_date('02.04.30','RR.MM.DD'),'6','1','1','15',null,null);
Insert into LIVROS.VENDAS (NÚMERO,DATA,CLIENTE,FUNCIONÁRIO,LOCAL_VENDA,TOTAL,OBSERVAÇÕES,DATA_REGISTO) values ('VLC-016   ',to_date('02.04.30','RR.MM.DD'),'30','8','1','20',null,null);
Insert into LIVROS.VENDAS (NÚMERO,DATA,CLIENTE,FUNCIONÁRIO,LOCAL_VENDA,TOTAL,OBSERVAÇÕES,DATA_REGISTO) values ('VLC-017   ',to_date('02.05.10','RR.MM.DD'),'24','3','1','24,76',null,null);
Insert into LIVROS.VENDAS (NÚMERO,DATA,CLIENTE,FUNCIONÁRIO,LOCAL_VENDA,TOTAL,OBSERVAÇÕES,DATA_REGISTO) values ('VLC-018   ',to_date('02.05.11','RR.MM.DD'),'7','8','1','14',null,null);
Insert into LIVROS.VENDAS (NÚMERO,DATA,CLIENTE,FUNCIONÁRIO,LOCAL_VENDA,TOTAL,OBSERVAÇÕES,DATA_REGISTO) values ('VLC-019   ',to_date('02.05.11','RR.MM.DD'),'31','8','1','40',null,null);
Insert into LIVROS.VENDAS (NÚMERO,DATA,CLIENTE,FUNCIONÁRIO,LOCAL_VENDA,TOTAL,OBSERVAÇÕES,DATA_REGISTO) values ('VLC-020   ',to_date('02.05.22','RR.MM.DD'),'17','8','1','15',null,null);
Insert into LIVROS.VENDAS (NÚMERO,DATA,CLIENTE,FUNCIONÁRIO,LOCAL_VENDA,TOTAL,OBSERVAÇÕES,DATA_REGISTO) values ('VLC-021   ',to_date('02.05.22','RR.MM.DD'),'20','1','1','17',null,null);
Insert into LIVROS.VENDAS (NÚMERO,DATA,CLIENTE,FUNCIONÁRIO,LOCAL_VENDA,TOTAL,OBSERVAÇÕES,DATA_REGISTO) values ('VLC-022   ',to_date('02.05.22','RR.MM.DD'),'1','3','1','18',null,null);
Insert into LIVROS.VENDAS (NÚMERO,DATA,CLIENTE,FUNCIONÁRIO,LOCAL_VENDA,TOTAL,OBSERVAÇÕES,DATA_REGISTO) values ('VLC-023   ',to_date('02.05.22','RR.MM.DD'),'17','4','1','38',null,null);
Insert into LIVROS.VENDAS (NÚMERO,DATA,CLIENTE,FUNCIONÁRIO,LOCAL_VENDA,TOTAL,OBSERVAÇÕES,DATA_REGISTO) values ('VLC-024   ',to_date('02.05.26','RR.MM.DD'),'18','1','1','63',null,null);
Insert into LIVROS.VENDAS (NÚMERO,DATA,CLIENTE,FUNCIONÁRIO,LOCAL_VENDA,TOTAL,OBSERVAÇÕES,DATA_REGISTO) values ('VLC-025   ',to_date('02.05.26','RR.MM.DD'),'19','1','1','22',null,null);
Insert into LIVROS.VENDAS (NÚMERO,DATA,CLIENTE,FUNCIONÁRIO,LOCAL_VENDA,TOTAL,OBSERVAÇÕES,DATA_REGISTO) values ('VLC-026   ',to_date('02.05.27','RR.MM.DD'),'22','3','1','8',null,null);
Insert into LIVROS.VENDAS (NÚMERO,DATA,CLIENTE,FUNCIONÁRIO,LOCAL_VENDA,TOTAL,OBSERVAÇÕES,DATA_REGISTO) values ('VLC-027   ',to_date('02.05.30','RR.MM.DD'),'24','3','1','19',null,null);
Insert into LIVROS.VENDAS (NÚMERO,DATA,CLIENTE,FUNCIONÁRIO,LOCAL_VENDA,TOTAL,OBSERVAÇÕES,DATA_REGISTO) values ('VLC-028   ',to_date('02.06.02','RR.MM.DD'),'31','4','1','35',null,null);
Insert into LIVROS.VENDAS (NÚMERO,DATA,CLIENTE,FUNCIONÁRIO,LOCAL_VENDA,TOTAL,OBSERVAÇÕES,DATA_REGISTO) values ('VLC-029   ',to_date('02.06.02','RR.MM.DD'),'26','8','1','21',null,null);
Insert into LIVROS.VENDAS (NÚMERO,DATA,CLIENTE,FUNCIONÁRIO,LOCAL_VENDA,TOTAL,OBSERVAÇÕES,DATA_REGISTO) values ('VLC-030   ',to_date('02.06.03','RR.MM.DD'),'21','8','1','24',null,null);
Insert into LIVROS.VENDAS (NÚMERO,DATA,CLIENTE,FUNCIONÁRIO,LOCAL_VENDA,TOTAL,OBSERVAÇÕES,DATA_REGISTO) values ('VLC-031   ',to_date('02.06.04','RR.MM.DD'),'17','3','1','19',null,null);
Insert into LIVROS.VENDAS (NÚMERO,DATA,CLIENTE,FUNCIONÁRIO,LOCAL_VENDA,TOTAL,OBSERVAÇÕES,DATA_REGISTO) values ('VLC-032   ',to_date('02.06.04','RR.MM.DD'),'28','13','1','21',null,null);
Insert into LIVROS.VENDAS (NÚMERO,DATA,CLIENTE,FUNCIONÁRIO,LOCAL_VENDA,TOTAL,OBSERVAÇÕES,DATA_REGISTO) values ('VLC-033   ',to_date('02.06.04','RR.MM.DD'),'6','15','1','25',null,null);
Insert into LIVROS.VENDAS (NÚMERO,DATA,CLIENTE,FUNCIONÁRIO,LOCAL_VENDA,TOTAL,OBSERVAÇÕES,DATA_REGISTO) values ('VLC-034   ',to_date('02.06.09','RR.MM.DD'),'18','1','1','55',null,null);
Insert into LIVROS.VENDAS (NÚMERO,DATA,CLIENTE,FUNCIONÁRIO,LOCAL_VENDA,TOTAL,OBSERVAÇÕES,DATA_REGISTO) values ('VLC-035   ',to_date('02.06.09','RR.MM.DD'),'15','8','1','20',null,null);
Insert into LIVROS.VENDAS (NÚMERO,DATA,CLIENTE,FUNCIONÁRIO,LOCAL_VENDA,TOTAL,OBSERVAÇÕES,DATA_REGISTO) values ('VLC-036   ',to_date('02.06.13','RR.MM.DD'),'26','8','1','15',null,null);
Insert into LIVROS.VENDAS (NÚMERO,DATA,CLIENTE,FUNCIONÁRIO,LOCAL_VENDA,TOTAL,OBSERVAÇÕES,DATA_REGISTO) values ('VLC-037   ',to_date('02.06.14','RR.MM.DD'),'22','1','1','46',null,null);
Insert into LIVROS.VENDAS (NÚMERO,DATA,CLIENTE,FUNCIONÁRIO,LOCAL_VENDA,TOTAL,OBSERVAÇÕES,DATA_REGISTO) values ('VLC-038   ',to_date('02.06.14','RR.MM.DD'),'24','1','1','10',null,null);
Insert into LIVROS.VENDAS (NÚMERO,DATA,CLIENTE,FUNCIONÁRIO,LOCAL_VENDA,TOTAL,OBSERVAÇÕES,DATA_REGISTO) values ('VLC-039   ',to_date('02.06.20','RR.MM.DD'),'29','13','1','22',null,null);
Insert into LIVROS.VENDAS (NÚMERO,DATA,CLIENTE,FUNCIONÁRIO,LOCAL_VENDA,TOTAL,OBSERVAÇÕES,DATA_REGISTO) values ('VLC-040   ',to_date('02.06.21','RR.MM.DD'),'8','13','1','12',null,null);
REM INSERTING into LIVROS.VENDAS_DETALHES
SET DEFINE OFF;
Insert into LIVROS.VENDAS_DETALHES (NÚMERO,LINHA,LIVRO,QUANTIDADE,PREÇO,DESCONTO,TOTAL,DATA_REGISTO) values ('VLC-001   ','1','21        ','1','22','0','22',null);
Insert into LIVROS.VENDAS_DETALHES (NÚMERO,LINHA,LIVRO,QUANTIDADE,PREÇO,DESCONTO,TOTAL,DATA_REGISTO) values ('VLC-001   ','2','2         ','1','25','0','25',null);
Insert into LIVROS.VENDAS_DETALHES (NÚMERO,LINHA,LIVRO,QUANTIDADE,PREÇO,DESCONTO,TOTAL,DATA_REGISTO) values ('VLC-001   ','3','45        ','1','26','0','26',null);
Insert into LIVROS.VENDAS_DETALHES (NÚMERO,LINHA,LIVRO,QUANTIDADE,PREÇO,DESCONTO,TOTAL,DATA_REGISTO) values ('VLC-001   ','4','19        ','1','12','0','12',null);
Insert into LIVROS.VENDAS_DETALHES (NÚMERO,LINHA,LIVRO,QUANTIDADE,PREÇO,DESCONTO,TOTAL,DATA_REGISTO) values ('VLC-002   ','1','10        ','1','16','0','16',null);
Insert into LIVROS.VENDAS_DETALHES (NÚMERO,LINHA,LIVRO,QUANTIDADE,PREÇO,DESCONTO,TOTAL,DATA_REGISTO) values ('VLC-003   ','1','22        ','1','9','2','8,82',null);
Insert into LIVROS.VENDAS_DETALHES (NÚMERO,LINHA,LIVRO,QUANTIDADE,PREÇO,DESCONTO,TOTAL,DATA_REGISTO) values ('VLC-003   ','2','11        ','1','9','3','8,73',null);
Insert into LIVROS.VENDAS_DETALHES (NÚMERO,LINHA,LIVRO,QUANTIDADE,PREÇO,DESCONTO,TOTAL,DATA_REGISTO) values ('VLC-004   ','1','11        ','1','9','3','8,73',null);
Insert into LIVROS.VENDAS_DETALHES (NÚMERO,LINHA,LIVRO,QUANTIDADE,PREÇO,DESCONTO,TOTAL,DATA_REGISTO) values ('VLC-004   ','2','1         ','1','15','0','15',null);
Insert into LIVROS.VENDAS_DETALHES (NÚMERO,LINHA,LIVRO,QUANTIDADE,PREÇO,DESCONTO,TOTAL,DATA_REGISTO) values ('VLC-004   ','3','3         ','1','12','2','11,76',null);
Insert into LIVROS.VENDAS_DETALHES (NÚMERO,LINHA,LIVRO,QUANTIDADE,PREÇO,DESCONTO,TOTAL,DATA_REGISTO) values ('VLC-005   ','1','22        ','1','9','2','8,82',null);
Insert into LIVROS.VENDAS_DETALHES (NÚMERO,LINHA,LIVRO,QUANTIDADE,PREÇO,DESCONTO,TOTAL,DATA_REGISTO) values ('VLC-005   ','2','32        ','1','15','0','15',null);
Insert into LIVROS.VENDAS_DETALHES (NÚMERO,LINHA,LIVRO,QUANTIDADE,PREÇO,DESCONTO,TOTAL,DATA_REGISTO) values ('VLC-006   ','1','6         ','1','24','0','24',null);
Insert into LIVROS.VENDAS_DETALHES (NÚMERO,LINHA,LIVRO,QUANTIDADE,PREÇO,DESCONTO,TOTAL,DATA_REGISTO) values ('VLC-007   ','1','46        ','1','25','4','24',null);
Insert into LIVROS.VENDAS_DETALHES (NÚMERO,LINHA,LIVRO,QUANTIDADE,PREÇO,DESCONTO,TOTAL,DATA_REGISTO) values ('VLC-008   ','1','67        ','1','12','2','11,76',null);
Insert into LIVROS.VENDAS_DETALHES (NÚMERO,LINHA,LIVRO,QUANTIDADE,PREÇO,DESCONTO,TOTAL,DATA_REGISTO) values ('VLC-009   ','1','17        ','1','23','0','23',null);
Insert into LIVROS.VENDAS_DETALHES (NÚMERO,LINHA,LIVRO,QUANTIDADE,PREÇO,DESCONTO,TOTAL,DATA_REGISTO) values ('VLC-010   ','1','38        ','1','25','0','25',null);
Insert into LIVROS.VENDAS_DETALHES (NÚMERO,LINHA,LIVRO,QUANTIDADE,PREÇO,DESCONTO,TOTAL,DATA_REGISTO) values ('VLC-010   ','2','48        ','1','17','0','17',null);
Insert into LIVROS.VENDAS_DETALHES (NÚMERO,LINHA,LIVRO,QUANTIDADE,PREÇO,DESCONTO,TOTAL,DATA_REGISTO) values ('VLC-011   ','1','12        ','1','12','2','11,76',null);
Insert into LIVROS.VENDAS_DETALHES (NÚMERO,LINHA,LIVRO,QUANTIDADE,PREÇO,DESCONTO,TOTAL,DATA_REGISTO) values ('VLC-012   ','1','40        ','1','18','0','18',null);
Insert into LIVROS.VENDAS_DETALHES (NÚMERO,LINHA,LIVRO,QUANTIDADE,PREÇO,DESCONTO,TOTAL,DATA_REGISTO) values ('VLC-013   ','1','45        ','1','26','0','26',null);
Insert into LIVROS.VENDAS_DETALHES (NÚMERO,LINHA,LIVRO,QUANTIDADE,PREÇO,DESCONTO,TOTAL,DATA_REGISTO) values ('VLC-013   ','2','53        ','1','15','0','15',null);
Insert into LIVROS.VENDAS_DETALHES (NÚMERO,LINHA,LIVRO,QUANTIDADE,PREÇO,DESCONTO,TOTAL,DATA_REGISTO) values ('VLC-013   ','3','52        ','1','12','2','11,76',null);
Insert into LIVROS.VENDAS_DETALHES (NÚMERO,LINHA,LIVRO,QUANTIDADE,PREÇO,DESCONTO,TOTAL,DATA_REGISTO) values ('VLC-014   ','1','2         ','1','25','0','25',null);
Insert into LIVROS.VENDAS_DETALHES (NÚMERO,LINHA,LIVRO,QUANTIDADE,PREÇO,DESCONTO,TOTAL,DATA_REGISTO) values ('VLC-014   ','2','38        ','1','25','0','25',null);
Insert into LIVROS.VENDAS_DETALHES (NÚMERO,LINHA,LIVRO,QUANTIDADE,PREÇO,DESCONTO,TOTAL,DATA_REGISTO) values ('VLC-014   ','3','30        ','1','12','0','12',null);
Insert into LIVROS.VENDAS_DETALHES (NÚMERO,LINHA,LIVRO,QUANTIDADE,PREÇO,DESCONTO,TOTAL,DATA_REGISTO) values ('VLC-014   ','4','28        ','1','9','2','8,82',null);
Insert into LIVROS.VENDAS_DETALHES (NÚMERO,LINHA,LIVRO,QUANTIDADE,PREÇO,DESCONTO,TOTAL,DATA_REGISTO) values ('VLC-015   ','1','32        ','1','15','0','15',null);
Insert into LIVROS.VENDAS_DETALHES (NÚMERO,LINHA,LIVRO,QUANTIDADE,PREÇO,DESCONTO,TOTAL,DATA_REGISTO) values ('VLC-016   ','1','33        ','1','9','0','9',null);
Insert into LIVROS.VENDAS_DETALHES (NÚMERO,LINHA,LIVRO,QUANTIDADE,PREÇO,DESCONTO,TOTAL,DATA_REGISTO) values ('VLC-016   ','2','18        ','1','11','0','11',null);
Insert into LIVROS.VENDAS_DETALHES (NÚMERO,LINHA,LIVRO,QUANTIDADE,PREÇO,DESCONTO,TOTAL,DATA_REGISTO) values ('VLC-017   ','1','20        ','1','10','0','10',null);
Insert into LIVROS.VENDAS_DETALHES (NÚMERO,LINHA,LIVRO,QUANTIDADE,PREÇO,DESCONTO,TOTAL,DATA_REGISTO) values ('VLC-017   ','2','52        ','1','12','2','11,76',null);
Insert into LIVROS.VENDAS_DETALHES (NÚMERO,LINHA,LIVRO,QUANTIDADE,PREÇO,DESCONTO,TOTAL,DATA_REGISTO) values ('VLC-017   ','3','82        ','1','3','0','3',null);
Insert into LIVROS.VENDAS_DETALHES (NÚMERO,LINHA,LIVRO,QUANTIDADE,PREÇO,DESCONTO,TOTAL,DATA_REGISTO) values ('VLC-018   ','1','49        ','1','14','0','14',null);
Insert into LIVROS.VENDAS_DETALHES (NÚMERO,LINHA,LIVRO,QUANTIDADE,PREÇO,DESCONTO,TOTAL,DATA_REGISTO) values ('VLC-019   ','1','45        ','1','26','0','26',null);
Insert into LIVROS.VENDAS_DETALHES (NÚMERO,LINHA,LIVRO,QUANTIDADE,PREÇO,DESCONTO,TOTAL,DATA_REGISTO) values ('VLC-019   ','2','65        ','1','14','0','14',null);
Insert into LIVROS.VENDAS_DETALHES (NÚMERO,LINHA,LIVRO,QUANTIDADE,PREÇO,DESCONTO,TOTAL,DATA_REGISTO) values ('VLC-020   ','1','77        ','1','15','0','15',null);
Insert into LIVROS.VENDAS_DETALHES (NÚMERO,LINHA,LIVRO,QUANTIDADE,PREÇO,DESCONTO,TOTAL,DATA_REGISTO) values ('VLC-021   ','1','48        ','1','17','0','17',null);
Insert into LIVROS.VENDAS_DETALHES (NÚMERO,LINHA,LIVRO,QUANTIDADE,PREÇO,DESCONTO,TOTAL,DATA_REGISTO) values ('VLC-022   ','1','7         ','1','18','0','18',null);
Insert into LIVROS.VENDAS_DETALHES (NÚMERO,LINHA,LIVRO,QUANTIDADE,PREÇO,DESCONTO,TOTAL,DATA_REGISTO) values ('VLC-023   ','1','6         ','1','24','0','24',null);
Insert into LIVROS.VENDAS_DETALHES (NÚMERO,LINHA,LIVRO,QUANTIDADE,PREÇO,DESCONTO,TOTAL,DATA_REGISTO) values ('VLC-023   ','2','49        ','1','14','0','14',null);
Insert into LIVROS.VENDAS_DETALHES (NÚMERO,LINHA,LIVRO,QUANTIDADE,PREÇO,DESCONTO,TOTAL,DATA_REGISTO) values ('VLC-024   ','1','77        ','1','15','0','15',null);
Insert into LIVROS.VENDAS_DETALHES (NÚMERO,LINHA,LIVRO,QUANTIDADE,PREÇO,DESCONTO,TOTAL,DATA_REGISTO) values ('VLC-024   ','2','45        ','1','26','0','26',null);
Insert into LIVROS.VENDAS_DETALHES (NÚMERO,LINHA,LIVRO,QUANTIDADE,PREÇO,DESCONTO,TOTAL,DATA_REGISTO) values ('VLC-024   ','3','9         ','1','22','0','22',null);
Insert into LIVROS.VENDAS_DETALHES (NÚMERO,LINHA,LIVRO,QUANTIDADE,PREÇO,DESCONTO,TOTAL,DATA_REGISTO) values ('VLC-025   ','1','9         ','1','22','0','22',null);
Insert into LIVROS.VENDAS_DETALHES (NÚMERO,LINHA,LIVRO,QUANTIDADE,PREÇO,DESCONTO,TOTAL,DATA_REGISTO) values ('VLC-026   ','1','94        ','1','8','0','8',null);
Insert into LIVROS.VENDAS_DETALHES (NÚMERO,LINHA,LIVRO,QUANTIDADE,PREÇO,DESCONTO,TOTAL,DATA_REGISTO) values ('VLC-027   ','1','79        ','1','19','0','19',null);
Insert into LIVROS.VENDAS_DETALHES (NÚMERO,LINHA,LIVRO,QUANTIDADE,PREÇO,DESCONTO,TOTAL,DATA_REGISTO) values ('VLC-028   ','1','77        ','1','15','0','15',null);
Insert into LIVROS.VENDAS_DETALHES (NÚMERO,LINHA,LIVRO,QUANTIDADE,PREÇO,DESCONTO,TOTAL,DATA_REGISTO) values ('VLC-028   ','2','78        ','1','20','0','20',null);
Insert into LIVROS.VENDAS_DETALHES (NÚMERO,LINHA,LIVRO,QUANTIDADE,PREÇO,DESCONTO,TOTAL,DATA_REGISTO) values ('VLC-029   ','1','87        ','1','21','0','21',null);
Insert into LIVROS.VENDAS_DETALHES (NÚMERO,LINHA,LIVRO,QUANTIDADE,PREÇO,DESCONTO,TOTAL,DATA_REGISTO) values ('VLC-030   ','1','6         ','1','24','0','24',null);
Insert into LIVROS.VENDAS_DETALHES (NÚMERO,LINHA,LIVRO,QUANTIDADE,PREÇO,DESCONTO,TOTAL,DATA_REGISTO) values ('VLC-031   ','1','8         ','1','19','0','19',null);
Insert into LIVROS.VENDAS_DETALHES (NÚMERO,LINHA,LIVRO,QUANTIDADE,PREÇO,DESCONTO,TOTAL,DATA_REGISTO) values ('VLC-032   ','1','75        ','1','21','0','21',null);
Insert into LIVROS.VENDAS_DETALHES (NÚMERO,LINHA,LIVRO,QUANTIDADE,PREÇO,DESCONTO,TOTAL,DATA_REGISTO) values ('VLC-033   ','1','61        ','1','13','0','13',null);
Insert into LIVROS.VENDAS_DETALHES (NÚMERO,LINHA,LIVRO,QUANTIDADE,PREÇO,DESCONTO,TOTAL,DATA_REGISTO) values ('VLC-033   ','2','89        ','1','12','0','12',null);
Insert into LIVROS.VENDAS_DETALHES (NÚMERO,LINHA,LIVRO,QUANTIDADE,PREÇO,DESCONTO,TOTAL,DATA_REGISTO) values ('VLC-034   ','1','74        ','1','20','0','20',null);
Insert into LIVROS.VENDAS_DETALHES (NÚMERO,LINHA,LIVRO,QUANTIDADE,PREÇO,DESCONTO,TOTAL,DATA_REGISTO) values ('VLC-034   ','2','39        ','1','20','0','20',null);
Insert into LIVROS.VENDAS_DETALHES (NÚMERO,LINHA,LIVRO,QUANTIDADE,PREÇO,DESCONTO,TOTAL,DATA_REGISTO) values ('VLC-034   ','3','53        ','1','15','0','15',null);
Insert into LIVROS.VENDAS_DETALHES (NÚMERO,LINHA,LIVRO,QUANTIDADE,PREÇO,DESCONTO,TOTAL,DATA_REGISTO) values ('VLC-035   ','1','78        ','1','20','0','20',null);
Insert into LIVROS.VENDAS_DETALHES (NÚMERO,LINHA,LIVRO,QUANTIDADE,PREÇO,DESCONTO,TOTAL,DATA_REGISTO) values ('VLC-036   ','1','77        ','1','15','0','15',null);
Insert into LIVROS.VENDAS_DETALHES (NÚMERO,LINHA,LIVRO,QUANTIDADE,PREÇO,DESCONTO,TOTAL,DATA_REGISTO) values ('VLC-037   ','1','9         ','1','22','0','22',null);
Insert into LIVROS.VENDAS_DETALHES (NÚMERO,LINHA,LIVRO,QUANTIDADE,PREÇO,DESCONTO,TOTAL,DATA_REGISTO) values ('VLC-037   ','2','26        ','1','25','4','24',null);
Insert into LIVROS.VENDAS_DETALHES (NÚMERO,LINHA,LIVRO,QUANTIDADE,PREÇO,DESCONTO,TOTAL,DATA_REGISTO) values ('VLC-038   ','1','6         ','1','10','0','10',null);
Insert into LIVROS.VENDAS_DETALHES (NÚMERO,LINHA,LIVRO,QUANTIDADE,PREÇO,DESCONTO,TOTAL,DATA_REGISTO) values ('VLC-039   ','1','37        ','1','22','0','22',null);
Insert into LIVROS.VENDAS_DETALHES (NÚMERO,LINHA,LIVRO,QUANTIDADE,PREÇO,DESCONTO,TOTAL,DATA_REGISTO) values ('VLC-040   ','1','19        ','1','12','0','12',null);
REM INSERTING into LIVROS.VENDAS_DIÁRIASK1
SET DEFINE OFF;
REM INSERTING into LIVROS.VENDAS_DIÁRIASXEL
SET DEFINE OFF;
REM INSERTING into LIVROS.VENDEDORES_VENDAS
SET DEFINE OFF;
REM INSERTING into LIVROS.VENDEDORES_VENDAS_DETALHES
SET DEFINE OFF;
--------------------------------------------------------
--  DDL for Index PK_LIVROS_AUTORES
--------------------------------------------------------

  CREATE UNIQUE INDEX "LIVROS"."PK_LIVROS_AUTORES" ON "LIVROS"."LIVROS_AUTORES" ("LIVRO", "AUTOR") 
  PCTFREE 10 INITRANS 2 MAXTRANS 255 COMPUTE STATISTICS 
  STORAGE(INITIAL 65536 NEXT 1048576 MINEXTENTS 1 MAXEXTENTS 2147483645
  PCTINCREASE 0 FREELISTS 1 FREELIST GROUPS 1 BUFFER_POOL DEFAULT FLASH_CACHE DEFAULT CELL_FLASH_CACHE DEFAULT)
  TABLESPACE "USERS" ;
--------------------------------------------------------
--  DDL for Index PK_PROFISSÕES
--------------------------------------------------------

  CREATE UNIQUE INDEX "LIVROS"."PK_PROFISSÕES" ON "LIVROS"."PROFISSÕES" ("CÓDIGO") 
  PCTFREE 10 INITRANS 2 MAXTRANS 255 COMPUTE STATISTICS 
  STORAGE(INITIAL 65536 NEXT 1048576 MINEXTENTS 1 MAXEXTENTS 2147483645
  PCTINCREASE 0 FREELISTS 1 FREELIST GROUPS 1 BUFFER_POOL DEFAULT FLASH_CACHE DEFAULT CELL_FLASH_CACHE DEFAULT)
  TABLESPACE "USERS" ;
--------------------------------------------------------
--  DDL for Index PK__REGIÕES__0B5CAFEA
--------------------------------------------------------

  CREATE UNIQUE INDEX "LIVROS"."PK__REGIÕES__0B5CAFEA" ON "LIVROS"."REGIÕES" ("CÓDIGO") 
  PCTFREE 10 INITRANS 2 MAXTRANS 255 COMPUTE STATISTICS 
  STORAGE(INITIAL 65536 NEXT 1048576 MINEXTENTS 1 MAXEXTENTS 2147483645
  PCTINCREASE 0 FREELISTS 1 FREELIST GROUPS 1 BUFFER_POOL DEFAULT FLASH_CACHE DEFAULT CELL_FLASH_CACHE DEFAULT)
  TABLESPACE "USERS" ;
--------------------------------------------------------
--  DDL for Index PK_CLIENTES
--------------------------------------------------------

  CREATE UNIQUE INDEX "LIVROS"."PK_CLIENTES" ON "LIVROS"."CLIENTES" ("NÚMERO") 
  PCTFREE 10 INITRANS 2 MAXTRANS 255 COMPUTE STATISTICS 
  STORAGE(INITIAL 65536 NEXT 1048576 MINEXTENTS 1 MAXEXTENTS 2147483645
  PCTINCREASE 0 FREELISTS 1 FREELIST GROUPS 1 BUFFER_POOL DEFAULT FLASH_CACHE DEFAULT CELL_FLASH_CACHE DEFAULT)
  TABLESPACE "USERS" ;
--------------------------------------------------------
--  DDL for Index PK_VENDAS_DETALHES
--------------------------------------------------------

  CREATE UNIQUE INDEX "LIVROS"."PK_VENDAS_DETALHES" ON "LIVROS"."VENDAS_DETALHES" ("NÚMERO", "LINHA") 
  PCTFREE 10 INITRANS 2 MAXTRANS 255 COMPUTE STATISTICS 
  STORAGE(INITIAL 65536 NEXT 1048576 MINEXTENTS 1 MAXEXTENTS 2147483645
  PCTINCREASE 0 FREELISTS 1 FREELIST GROUPS 1 BUFFER_POOL DEFAULT FLASH_CACHE DEFAULT CELL_FLASH_CACHE DEFAULT)
  TABLESPACE "USERS" ;
--------------------------------------------------------
--  DDL for Index PK_FUNCIONÁRIOS
--------------------------------------------------------

  CREATE UNIQUE INDEX "LIVROS"."PK_FUNCIONÁRIOS" ON "LIVROS"."FUNCIONÁRIOS" ("NÚMERO") 
  PCTFREE 10 INITRANS 2 MAXTRANS 255 COMPUTE STATISTICS 
  STORAGE(INITIAL 65536 NEXT 1048576 MINEXTENTS 1 MAXEXTENTS 2147483645
  PCTINCREASE 0 FREELISTS 1 FREELIST GROUPS 1 BUFFER_POOL DEFAULT FLASH_CACHE DEFAULT CELL_FLASH_CACHE DEFAULT)
  TABLESPACE "USERS" ;
--------------------------------------------------------
--  DDL for Index PK_AUTORES_POTENCIAIS
--------------------------------------------------------

  CREATE UNIQUE INDEX "LIVROS"."PK_AUTORES_POTENCIAIS" ON "LIVROS"."AUTORES_POTENCIAIS" ("NÚMERO") 
  PCTFREE 10 INITRANS 2 MAXTRANS 255 COMPUTE STATISTICS 
  STORAGE(INITIAL 65536 NEXT 1048576 MINEXTENTS 1 MAXEXTENTS 2147483645
  PCTINCREASE 0 FREELISTS 1 FREELIST GROUPS 1 BUFFER_POOL DEFAULT FLASH_CACHE DEFAULT CELL_FLASH_CACHE DEFAULT)
  TABLESPACE "USERS" ;
--------------------------------------------------------
--  DDL for Index PK_VENDAS
--------------------------------------------------------

  CREATE UNIQUE INDEX "LIVROS"."PK_VENDAS" ON "LIVROS"."VENDAS" ("NÚMERO") 
  PCTFREE 10 INITRANS 2 MAXTRANS 255 COMPUTE STATISTICS 
  STORAGE(INITIAL 65536 NEXT 1048576 MINEXTENTS 1 MAXEXTENTS 2147483645
  PCTINCREASE 0 FREELISTS 1 FREELIST GROUPS 1 BUFFER_POOL DEFAULT FLASH_CACHE DEFAULT CELL_FLASH_CACHE DEFAULT)
  TABLESPACE "USERS" ;
--------------------------------------------------------
--  DDL for Index IX_CLIENTES
--------------------------------------------------------

  CREATE UNIQUE INDEX "LIVROS"."IX_CLIENTES" ON "LIVROS"."CLIENTES" ("CONTRIBUINTE") 
  PCTFREE 10 INITRANS 2 MAXTRANS 255 COMPUTE STATISTICS 
  STORAGE(INITIAL 65536 NEXT 1048576 MINEXTENTS 1 MAXEXTENTS 2147483645
  PCTINCREASE 0 FREELISTS 1 FREELIST GROUPS 1 BUFFER_POOL DEFAULT FLASH_CACHE DEFAULT CELL_FLASH_CACHE DEFAULT)
  TABLESPACE "USERS" ;
--------------------------------------------------------
--  DDL for Index PK_DTPROPERTIES
--------------------------------------------------------

  CREATE UNIQUE INDEX "LIVROS"."PK_DTPROPERTIES" ON "LIVROS"."DTPROPERTIES" ("ID", "PROPERTY") 
  PCTFREE 10 INITRANS 2 MAXTRANS 255 COMPUTE STATISTICS 
  STORAGE(INITIAL 65536 NEXT 1048576 MINEXTENTS 1 MAXEXTENTS 2147483645
  PCTINCREASE 0 FREELISTS 1 FREELIST GROUPS 1 BUFFER_POOL DEFAULT FLASH_CACHE DEFAULT CELL_FLASH_CACHE DEFAULT)
  TABLESPACE "USERS" ;
--------------------------------------------------------
--  DDL for Index PK_CLASSES
--------------------------------------------------------

  CREATE UNIQUE INDEX "LIVROS"."PK_CLASSES" ON "LIVROS"."CLASSES" ("CÓDIGO") 
  PCTFREE 10 INITRANS 2 MAXTRANS 255 COMPUTE STATISTICS 
  STORAGE(INITIAL 65536 NEXT 1048576 MINEXTENTS 1 MAXEXTENTS 2147483645
  PCTINCREASE 0 FREELISTS 1 FREELIST GROUPS 1 BUFFER_POOL DEFAULT FLASH_CACHE DEFAULT CELL_FLASH_CACHE DEFAULT)
  TABLESPACE "USERS" ;
--------------------------------------------------------
--  DDL for Index PK_PAÍSES
--------------------------------------------------------

  CREATE UNIQUE INDEX "LIVROS"."PK_PAÍSES" ON "LIVROS"."PAÍSES" ("CÓDIGO") 
  PCTFREE 10 INITRANS 2 MAXTRANS 255 COMPUTE STATISTICS 
  STORAGE(INITIAL 65536 NEXT 1048576 MINEXTENTS 1 MAXEXTENTS 2147483645
  PCTINCREASE 0 FREELISTS 1 FREELIST GROUPS 1 BUFFER_POOL DEFAULT FLASH_CACHE DEFAULT CELL_FLASH_CACHE DEFAULT)
  TABLESPACE "USERS" ;
--------------------------------------------------------
--  DDL for Index PK_COLECÇÕES
--------------------------------------------------------

  CREATE UNIQUE INDEX "LIVROS"."PK_COLECÇÕES" ON "LIVROS"."COLECÇÕES" ("CÓDIGO") 
  PCTFREE 10 INITRANS 2 MAXTRANS 255 COMPUTE STATISTICS 
  STORAGE(INITIAL 65536 NEXT 1048576 MINEXTENTS 1 MAXEXTENTS 2147483645
  PCTINCREASE 0 FREELISTS 1 FREELIST GROUPS 1 BUFFER_POOL DEFAULT FLASH_CACHE DEFAULT CELL_FLASH_CACHE DEFAULT)
  TABLESPACE "USERS" ;
--------------------------------------------------------
--  DDL for Index PK_TOTAISVENDASDIÁRIASEDITORA
--------------------------------------------------------

  CREATE UNIQUE INDEX "LIVROS"."PK_TOTAISVENDASDIÁRIASEDITORA" ON "LIVROS"."TOTAISVENDASDIÁRIASEDITORAS" ("DATA", "EDITORA") 
  PCTFREE 10 INITRANS 2 MAXTRANS 255 COMPUTE STATISTICS 
  STORAGE(INITIAL 65536 NEXT 1048576 MINEXTENTS 1 MAXEXTENTS 2147483645
  PCTINCREASE 0 FREELISTS 1 FREELIST GROUPS 1 BUFFER_POOL DEFAULT FLASH_CACHE DEFAULT CELL_FLASH_CACHE DEFAULT)
  TABLESPACE "USERS" ;
--------------------------------------------------------
--  DDL for Index PK_LOCALIDADES
--------------------------------------------------------

  CREATE UNIQUE INDEX "LIVROS"."PK_LOCALIDADES" ON "LIVROS"."LOCALIDADES" ("CÓDIGO") 
  PCTFREE 10 INITRANS 2 MAXTRANS 255 COMPUTE STATISTICS 
  STORAGE(INITIAL 65536 NEXT 1048576 MINEXTENTS 1 MAXEXTENTS 2147483645
  PCTINCREASE 0 FREELISTS 1 FREELIST GROUPS 1 BUFFER_POOL DEFAULT FLASH_CACHE DEFAULT CELL_FLASH_CACHE DEFAULT)
  TABLESPACE "USERS" ;
--------------------------------------------------------
--  DDL for Index PK__ANOMALIAS__2DB1C7EE
--------------------------------------------------------

  CREATE UNIQUE INDEX "LIVROS"."PK__ANOMALIAS__2DB1C7EE" ON "LIVROS"."ANOMALIAS" ("REGISTO") 
  PCTFREE 10 INITRANS 2 MAXTRANS 255 COMPUTE STATISTICS 
  STORAGE(INITIAL 65536 NEXT 1048576 MINEXTENTS 1 MAXEXTENTS 2147483645
  PCTINCREASE 0 FREELISTS 1 FREELIST GROUPS 1 BUFFER_POOL DEFAULT FLASH_CACHE DEFAULT CELL_FLASH_CACHE DEFAULT)
  TABLESPACE "USERS" ;
--------------------------------------------------------
--  DDL for Index PK_IMPOSTOS
--------------------------------------------------------

  CREATE UNIQUE INDEX "LIVROS"."PK_IMPOSTOS" ON "LIVROS"."IMPOSTOS" ("CÓDIGO") 
  PCTFREE 10 INITRANS 2 MAXTRANS 255 COMPUTE STATISTICS 
  STORAGE(INITIAL 65536 NEXT 1048576 MINEXTENTS 1 MAXEXTENTS 2147483645
  PCTINCREASE 0 FREELISTS 1 FREELIST GROUPS 1 BUFFER_POOL DEFAULT FLASH_CACHE DEFAULT CELL_FLASH_CACHE DEFAULT)
  TABLESPACE "USERS" ;
--------------------------------------------------------
--  DDL for Index PK_FUNCIONÁRIOS_REGISTOS
--------------------------------------------------------

  CREATE UNIQUE INDEX "LIVROS"."PK_FUNCIONÁRIOS_REGISTOS" ON "LIVROS"."FUNCIONÁRIOS_REGISTOS" ("FUNCIONÁRIO", "DATA") 
  PCTFREE 10 INITRANS 2 MAXTRANS 255 COMPUTE STATISTICS 
  STORAGE(INITIAL 65536 NEXT 1048576 MINEXTENTS 1 MAXEXTENTS 2147483645
  PCTINCREASE 0 FREELISTS 1 FREELIST GROUPS 1 BUFFER_POOL DEFAULT FLASH_CACHE DEFAULT CELL_FLASH_CACHE DEFAULT)
  TABLESPACE "USERS" ;
--------------------------------------------------------
--  DDL for Index PK_LIVROS
--------------------------------------------------------

  CREATE UNIQUE INDEX "LIVROS"."PK_LIVROS" ON "LIVROS"."LIVROS" ("CÓDIGO") 
  PCTFREE 10 INITRANS 2 MAXTRANS 255 COMPUTE STATISTICS 
  STORAGE(INITIAL 65536 NEXT 1048576 MINEXTENTS 1 MAXEXTENTS 2147483645
  PCTINCREASE 0 FREELISTS 1 FREELIST GROUPS 1 BUFFER_POOL DEFAULT FLASH_CACHE DEFAULT CELL_FLASH_CACHE DEFAULT)
  TABLESPACE "USERS" ;
--------------------------------------------------------
--  DDL for Index PK_AUTORES
--------------------------------------------------------

  CREATE UNIQUE INDEX "LIVROS"."PK_AUTORES" ON "LIVROS"."AUTORES" ("CÓDIGO") 
  PCTFREE 10 INITRANS 2 MAXTRANS 255 COMPUTE STATISTICS 
  STORAGE(INITIAL 65536 NEXT 1048576 MINEXTENTS 1 MAXEXTENTS 2147483645
  PCTINCREASE 0 FREELISTS 1 FREELIST GROUPS 1 BUFFER_POOL DEFAULT FLASH_CACHE DEFAULT CELL_FLASH_CACHE DEFAULT)
  TABLESPACE "USERS" ;
--------------------------------------------------------
--  DDL for Index PK_TOTAISVENDASDIÁRIASLIVROS
--------------------------------------------------------

  CREATE UNIQUE INDEX "LIVROS"."PK_TOTAISVENDASDIÁRIASLIVROS" ON "LIVROS"."TOTAISVENDASDIÁRIASLIVROS" ("DATA", "LIVRO") 
  PCTFREE 10 INITRANS 2 MAXTRANS 255 COMPUTE STATISTICS 
  STORAGE(INITIAL 65536 NEXT 1048576 MINEXTENTS 1 MAXEXTENTS 2147483645
  PCTINCREASE 0 FREELISTS 1 FREELIST GROUPS 1 BUFFER_POOL DEFAULT FLASH_CACHE DEFAULT CELL_FLASH_CACHE DEFAULT)
  TABLESPACE "USERS" ;
--------------------------------------------------------
--  DDL for Index PK_EDITORAS
--------------------------------------------------------

  CREATE UNIQUE INDEX "LIVROS"."PK_EDITORAS" ON "LIVROS"."EDITORAS" ("NÚMERO") 
  PCTFREE 10 INITRANS 2 MAXTRANS 255 COMPUTE STATISTICS 
  STORAGE(INITIAL 65536 NEXT 1048576 MINEXTENTS 1 MAXEXTENTS 2147483645
  PCTINCREASE 0 FREELISTS 1 FREELIST GROUPS 1 BUFFER_POOL DEFAULT FLASH_CACHE DEFAULT CELL_FLASH_CACHE DEFAULT)
  TABLESPACE "USERS" ;
--------------------------------------------------------
--  DDL for Index PK_FUNÇÕES
--------------------------------------------------------

  CREATE UNIQUE INDEX "LIVROS"."PK_FUNÇÕES" ON "LIVROS"."FUNÇÕES" ("CÓDIGO") 
  PCTFREE 10 INITRANS 2 MAXTRANS 255 COMPUTE STATISTICS 
  STORAGE(INITIAL 65536 NEXT 1048576 MINEXTENTS 1 MAXEXTENTS 2147483645
  PCTINCREASE 0 FREELISTS 1 FREELIST GROUPS 1 BUFFER_POOL DEFAULT FLASH_CACHE DEFAULT CELL_FLASH_CACHE DEFAULT)
  TABLESPACE "USERS" ;
--------------------------------------------------------
--  DDL for Index IDXANOMALIAS
--------------------------------------------------------

  CREATE UNIQUE INDEX "LIVROS"."IDXANOMALIAS" ON "LIVROS"."ANOMALIAS" ("TEMPO", "FUNCIONÁRIO") 
  PCTFREE 10 INITRANS 2 MAXTRANS 255 COMPUTE STATISTICS 
  STORAGE(INITIAL 65536 NEXT 1048576 MINEXTENTS 1 MAXEXTENTS 2147483645
  PCTINCREASE 0 FREELISTS 1 FREELIST GROUPS 1 BUFFER_POOL DEFAULT FLASH_CACHE DEFAULT CELL_FLASH_CACHE DEFAULT)
  TABLESPACE "USERS" ;
--------------------------------------------------------
--  DDL for Index PK_LOCAIS_VENDA
--------------------------------------------------------

  CREATE UNIQUE INDEX "LIVROS"."PK_LOCAIS_VENDA" ON "LIVROS"."LOCAIS_VENDA" ("CÓDIGO") 
  PCTFREE 10 INITRANS 2 MAXTRANS 255 COMPUTE STATISTICS 
  STORAGE(INITIAL 65536 NEXT 1048576 MINEXTENTS 1 MAXEXTENTS 2147483645
  PCTINCREASE 0 FREELISTS 1 FREELIST GROUPS 1 BUFFER_POOL DEFAULT FLASH_CACHE DEFAULT CELL_FLASH_CACHE DEFAULT)
  TABLESPACE "USERS" ;
--------------------------------------------------------
--  DDL for Index PK_PROMOÇÕES
--------------------------------------------------------

  CREATE UNIQUE INDEX "LIVROS"."PK_PROMOÇÕES" ON "LIVROS"."PROMOÇÕES" ("CÓDIGO") 
  PCTFREE 10 INITRANS 2 MAXTRANS 255 COMPUTE STATISTICS 
  STORAGE(INITIAL 65536 NEXT 1048576 MINEXTENTS 1 MAXEXTENTS 2147483645
  PCTINCREASE 0 FREELISTS 1 FREELIST GROUPS 1 BUFFER_POOL DEFAULT FLASH_CACHE DEFAULT CELL_FLASH_CACHE DEFAULT)
  TABLESPACE "USERS" ;
--------------------------------------------------------
--  DDL for Index PK_TIPOS
--------------------------------------------------------

  CREATE UNIQUE INDEX "LIVROS"."PK_TIPOS" ON "LIVROS"."TIPOS" ("CÓDIGO") 
  PCTFREE 10 INITRANS 2 MAXTRANS 255 COMPUTE STATISTICS 
  STORAGE(INITIAL 65536 NEXT 1048576 MINEXTENTS 1 MAXEXTENTS 2147483645
  PCTINCREASE 0 FREELISTS 1 FREELIST GROUPS 1 BUFFER_POOL DEFAULT FLASH_CACHE DEFAULT CELL_FLASH_CACHE DEFAULT)
  TABLESPACE "USERS" ;
--------------------------------------------------------
--  DDL for Index PK_LIVROS_PROMOÇÕES
--------------------------------------------------------

  CREATE UNIQUE INDEX "LIVROS"."PK_LIVROS_PROMOÇÕES" ON "LIVROS"."LIVROS_PROMOÇÕES" ("LIVRO", "PROMOÇÃO") 
  PCTFREE 10 INITRANS 2 MAXTRANS 255 COMPUTE STATISTICS 
  STORAGE(INITIAL 65536 NEXT 1048576 MINEXTENTS 1 MAXEXTENTS 2147483645
  PCTINCREASE 0 FREELISTS 1 FREELIST GROUPS 1 BUFFER_POOL DEFAULT FLASH_CACHE DEFAULT CELL_FLASH_CACHE DEFAULT)
  TABLESPACE "USERS" ;
--------------------------------------------------------
--  DDL for Index PK_TOTAISVENDASDIÁRIOSGERAL
--------------------------------------------------------

  CREATE UNIQUE INDEX "LIVROS"."PK_TOTAISVENDASDIÁRIOSGERAL" ON "LIVROS"."TOTAISVENDASDIÁRIASGERAL" ("DATA") 
  PCTFREE 10 INITRANS 2 MAXTRANS 255 COMPUTE STATISTICS 
  STORAGE(INITIAL 65536 NEXT 1048576 MINEXTENTS 1 MAXEXTENTS 2147483645
  PCTINCREASE 0 FREELISTS 1 FREELIST GROUPS 1 BUFFER_POOL DEFAULT FLASH_CACHE DEFAULT CELL_FLASH_CACHE DEFAULT)
  TABLESPACE "USERS" ;
--------------------------------------------------------
--  Constraints for Table PROFISSÕES
--------------------------------------------------------

  ALTER TABLE "LIVROS"."PROFISSÕES" ADD CONSTRAINT "PK_PROFISSÕES" PRIMARY KEY ("CÓDIGO")
  USING INDEX PCTFREE 10 INITRANS 2 MAXTRANS 255 COMPUTE STATISTICS 
  STORAGE(INITIAL 65536 NEXT 1048576 MINEXTENTS 1 MAXEXTENTS 2147483645
  PCTINCREASE 0 FREELISTS 1 FREELIST GROUPS 1 BUFFER_POOL DEFAULT FLASH_CACHE DEFAULT CELL_FLASH_CACHE DEFAULT)
  TABLESPACE "USERS"  ENABLE;
  ALTER TABLE "LIVROS"."PROFISSÕES" MODIFY ("DESIGNAÇÃO" NOT NULL ENABLE);
  ALTER TABLE "LIVROS"."PROFISSÕES" MODIFY ("CÓDIGO" NOT NULL ENABLE);
--------------------------------------------------------
--  Constraints for Table DTPROPERTIES
--------------------------------------------------------

  ALTER TABLE "LIVROS"."DTPROPERTIES" ADD CONSTRAINT "PK_DTPROPERTIES" PRIMARY KEY ("ID", "PROPERTY")
  USING INDEX PCTFREE 10 INITRANS 2 MAXTRANS 255 COMPUTE STATISTICS 
  STORAGE(INITIAL 65536 NEXT 1048576 MINEXTENTS 1 MAXEXTENTS 2147483645
  PCTINCREASE 0 FREELISTS 1 FREELIST GROUPS 1 BUFFER_POOL DEFAULT FLASH_CACHE DEFAULT CELL_FLASH_CACHE DEFAULT)
  TABLESPACE "USERS"  ENABLE;
  ALTER TABLE "LIVROS"."DTPROPERTIES" MODIFY ("VERSION" NOT NULL ENABLE);
  ALTER TABLE "LIVROS"."DTPROPERTIES" MODIFY ("PROPERTY" NOT NULL ENABLE);
  ALTER TABLE "LIVROS"."DTPROPERTIES" MODIFY ("ID" NOT NULL ENABLE);
--------------------------------------------------------
--  Constraints for Table CLIENTES
--------------------------------------------------------

  ALTER TABLE "LIVROS"."CLIENTES" ADD CONSTRAINT "PK_CLIENTES" PRIMARY KEY ("NÚMERO")
  USING INDEX PCTFREE 10 INITRANS 2 MAXTRANS 255 COMPUTE STATISTICS 
  STORAGE(INITIAL 65536 NEXT 1048576 MINEXTENTS 1 MAXEXTENTS 2147483645
  PCTINCREASE 0 FREELISTS 1 FREELIST GROUPS 1 BUFFER_POOL DEFAULT FLASH_CACHE DEFAULT CELL_FLASH_CACHE DEFAULT)
  TABLESPACE "USERS"  ENABLE;
  ALTER TABLE "LIVROS"."CLIENTES" ADD CONSTRAINT "CK_CLIENTES_TIPO" CHECK (
  ( Tipo = 'O'
                  OR Tipo = 'F' )
) ENABLE;
  ALTER TABLE "LIVROS"."CLIENTES" MODIFY ("CLASSE" NOT NULL ENABLE);
  ALTER TABLE "LIVROS"."CLIENTES" MODIFY ("NÚMERO" NOT NULL ENABLE);
--------------------------------------------------------
--  Constraints for Table COLECÇÕES
--------------------------------------------------------

  ALTER TABLE "LIVROS"."COLECÇÕES" ADD CONSTRAINT "PK_COLECÇÕES" PRIMARY KEY ("CÓDIGO")
  USING INDEX PCTFREE 10 INITRANS 2 MAXTRANS 255 COMPUTE STATISTICS 
  STORAGE(INITIAL 65536 NEXT 1048576 MINEXTENTS 1 MAXEXTENTS 2147483645
  PCTINCREASE 0 FREELISTS 1 FREELIST GROUPS 1 BUFFER_POOL DEFAULT FLASH_CACHE DEFAULT CELL_FLASH_CACHE DEFAULT)
  TABLESPACE "USERS"  ENABLE;
  ALTER TABLE "LIVROS"."COLECÇÕES" MODIFY ("CÓDIGO" NOT NULL ENABLE);
--------------------------------------------------------
--  Constraints for Table FUNÇÕES
--------------------------------------------------------

  ALTER TABLE "LIVROS"."FUNÇÕES" ADD CONSTRAINT "PK_FUNÇÕES" PRIMARY KEY ("CÓDIGO")
  USING INDEX PCTFREE 10 INITRANS 2 MAXTRANS 255 COMPUTE STATISTICS 
  STORAGE(INITIAL 65536 NEXT 1048576 MINEXTENTS 1 MAXEXTENTS 2147483645
  PCTINCREASE 0 FREELISTS 1 FREELIST GROUPS 1 BUFFER_POOL DEFAULT FLASH_CACHE DEFAULT CELL_FLASH_CACHE DEFAULT)
  TABLESPACE "USERS"  ENABLE;
  ALTER TABLE "LIVROS"."FUNÇÕES" MODIFY ("CÓDIGO" NOT NULL ENABLE);
--------------------------------------------------------
--  Constraints for Table PROMOÇÕES
--------------------------------------------------------

  ALTER TABLE "LIVROS"."PROMOÇÕES" ADD CONSTRAINT "PK_PROMOÇÕES" PRIMARY KEY ("CÓDIGO")
  USING INDEX PCTFREE 10 INITRANS 2 MAXTRANS 255 COMPUTE STATISTICS 
  STORAGE(INITIAL 65536 NEXT 1048576 MINEXTENTS 1 MAXEXTENTS 2147483645
  PCTINCREASE 0 FREELISTS 1 FREELIST GROUPS 1 BUFFER_POOL DEFAULT FLASH_CACHE DEFAULT CELL_FLASH_CACHE DEFAULT)
  TABLESPACE "USERS"  ENABLE;
  ALTER TABLE "LIVROS"."PROMOÇÕES" MODIFY ("DESIGNAÇÃO" NOT NULL ENABLE);
  ALTER TABLE "LIVROS"."PROMOÇÕES" MODIFY ("CÓDIGO" NOT NULL ENABLE);
--------------------------------------------------------
--  Constraints for Table EDITORAS
--------------------------------------------------------

  ALTER TABLE "LIVROS"."EDITORAS" ADD CONSTRAINT "PK_EDITORAS" PRIMARY KEY ("NÚMERO")
  USING INDEX PCTFREE 10 INITRANS 2 MAXTRANS 255 COMPUTE STATISTICS 
  STORAGE(INITIAL 65536 NEXT 1048576 MINEXTENTS 1 MAXEXTENTS 2147483645
  PCTINCREASE 0 FREELISTS 1 FREELIST GROUPS 1 BUFFER_POOL DEFAULT FLASH_CACHE DEFAULT CELL_FLASH_CACHE DEFAULT)
  TABLESPACE "USERS"  ENABLE;
  ALTER TABLE "LIVROS"."EDITORAS" MODIFY ("DESIGNAÇÃO" NOT NULL ENABLE);
  ALTER TABLE "LIVROS"."EDITORAS" MODIFY ("NÚMERO" NOT NULL ENABLE);
--------------------------------------------------------
--  Constraints for Table TT_UDFLIVROSDAEDITORA
--------------------------------------------------------

  ALTER TABLE "LIVROS"."TT_UDFLIVROSDAEDITORA" MODIFY ("DESIGNAÇÃO" NOT NULL ENABLE);
  ALTER TABLE "LIVROS"."TT_UDFLIVROSDAEDITORA" MODIFY ("CÓDIGO" NOT NULL ENABLE);
--------------------------------------------------------
--  Constraints for Table LIVROS_AUTORES
--------------------------------------------------------

  ALTER TABLE "LIVROS"."LIVROS_AUTORES" ADD CONSTRAINT "PK_LIVROS_AUTORES" PRIMARY KEY ("LIVRO", "AUTOR")
  USING INDEX PCTFREE 10 INITRANS 2 MAXTRANS 255 COMPUTE STATISTICS 
  STORAGE(INITIAL 65536 NEXT 1048576 MINEXTENTS 1 MAXEXTENTS 2147483645
  PCTINCREASE 0 FREELISTS 1 FREELIST GROUPS 1 BUFFER_POOL DEFAULT FLASH_CACHE DEFAULT CELL_FLASH_CACHE DEFAULT)
  TABLESPACE "USERS"  ENABLE;
  ALTER TABLE "LIVROS"."LIVROS_AUTORES" MODIFY ("AUTOR" NOT NULL ENABLE);
  ALTER TABLE "LIVROS"."LIVROS_AUTORES" MODIFY ("LIVRO" NOT NULL ENABLE);
--------------------------------------------------------
--  Constraints for Table TOTAISVENDASDIÁRIASEDITORAS
--------------------------------------------------------

  ALTER TABLE "LIVROS"."TOTAISVENDASDIÁRIASEDITORAS" ADD CONSTRAINT "PK_TOTAISVENDASDIÁRIASEDITORA" PRIMARY KEY ("DATA", "EDITORA")
  USING INDEX PCTFREE 10 INITRANS 2 MAXTRANS 255 COMPUTE STATISTICS 
  STORAGE(INITIAL 65536 NEXT 1048576 MINEXTENTS 1 MAXEXTENTS 2147483645
  PCTINCREASE 0 FREELISTS 1 FREELIST GROUPS 1 BUFFER_POOL DEFAULT FLASH_CACHE DEFAULT CELL_FLASH_CACHE DEFAULT)
  TABLESPACE "USERS"  ENABLE;
  ALTER TABLE "LIVROS"."TOTAISVENDASDIÁRIASEDITORAS" MODIFY ("EDITORA" NOT NULL ENABLE);
  ALTER TABLE "LIVROS"."TOTAISVENDASDIÁRIASEDITORAS" MODIFY ("DATA" NOT NULL ENABLE);
--------------------------------------------------------
--  Constraints for Table LIVROS
--------------------------------------------------------

  ALTER TABLE "LIVROS"."LIVROS" ADD CONSTRAINT "PK_LIVROS" PRIMARY KEY ("CÓDIGO")
  USING INDEX PCTFREE 10 INITRANS 2 MAXTRANS 255 COMPUTE STATISTICS 
  STORAGE(INITIAL 65536 NEXT 1048576 MINEXTENTS 1 MAXEXTENTS 2147483645
  PCTINCREASE 0 FREELISTS 1 FREELIST GROUPS 1 BUFFER_POOL DEFAULT FLASH_CACHE DEFAULT CELL_FLASH_CACHE DEFAULT)
  TABLESPACE "USERS"  ENABLE;
  ALTER TABLE "LIVROS"."LIVROS" ADD CONSTRAINT "CK_LIVROS" CHECK (
  ( Preço_Venda > 0
                  AND Preço_Venda > Preço_Compra )
) ENABLE;
  ALTER TABLE "LIVROS"."LIVROS" MODIFY ("DESIGNAÇÃO" NOT NULL ENABLE);
  ALTER TABLE "LIVROS"."LIVROS" MODIFY ("CÓDIGO" NOT NULL ENABLE);
--------------------------------------------------------
--  Constraints for Table IMPOSTOS
--------------------------------------------------------

  ALTER TABLE "LIVROS"."IMPOSTOS" ADD CONSTRAINT "PK_IMPOSTOS" PRIMARY KEY ("CÓDIGO")
  USING INDEX PCTFREE 10 INITRANS 2 MAXTRANS 255 COMPUTE STATISTICS 
  STORAGE(INITIAL 65536 NEXT 1048576 MINEXTENTS 1 MAXEXTENTS 2147483645
  PCTINCREASE 0 FREELISTS 1 FREELIST GROUPS 1 BUFFER_POOL DEFAULT FLASH_CACHE DEFAULT CELL_FLASH_CACHE DEFAULT)
  TABLESPACE "USERS"  ENABLE;
  ALTER TABLE "LIVROS"."IMPOSTOS" MODIFY ("TAXA" NOT NULL ENABLE);
  ALTER TABLE "LIVROS"."IMPOSTOS" MODIFY ("DESIGNAÇÃO" NOT NULL ENABLE);
  ALTER TABLE "LIVROS"."IMPOSTOS" MODIFY ("CÓDIGO" NOT NULL ENABLE);
--------------------------------------------------------
--  Constraints for Table VENDAS
--------------------------------------------------------

  ALTER TABLE "LIVROS"."VENDAS" ADD CONSTRAINT "PK_VENDAS" PRIMARY KEY ("NÚMERO")
  USING INDEX PCTFREE 10 INITRANS 2 MAXTRANS 255 COMPUTE STATISTICS 
  STORAGE(INITIAL 65536 NEXT 1048576 MINEXTENTS 1 MAXEXTENTS 2147483645
  PCTINCREASE 0 FREELISTS 1 FREELIST GROUPS 1 BUFFER_POOL DEFAULT FLASH_CACHE DEFAULT CELL_FLASH_CACHE DEFAULT)
  TABLESPACE "USERS"  ENABLE;
  ALTER TABLE "LIVROS"."VENDAS" MODIFY ("NÚMERO" NOT NULL ENABLE);
--------------------------------------------------------
--  Constraints for Table LOCAIS_VENDA
--------------------------------------------------------

  ALTER TABLE "LIVROS"."LOCAIS_VENDA" ADD CONSTRAINT "PK_LOCAIS_VENDA" PRIMARY KEY ("CÓDIGO")
  USING INDEX PCTFREE 10 INITRANS 2 MAXTRANS 255 COMPUTE STATISTICS 
  STORAGE(INITIAL 65536 NEXT 1048576 MINEXTENTS 1 MAXEXTENTS 2147483645
  PCTINCREASE 0 FREELISTS 1 FREELIST GROUPS 1 BUFFER_POOL DEFAULT FLASH_CACHE DEFAULT CELL_FLASH_CACHE DEFAULT)
  TABLESPACE "USERS"  ENABLE;
  ALTER TABLE "LIVROS"."LOCAIS_VENDA" MODIFY ("DESIGNAÇÃO" NOT NULL ENABLE);
  ALTER TABLE "LIVROS"."LOCAIS_VENDA" MODIFY ("CÓDIGO" NOT NULL ENABLE);
--------------------------------------------------------
--  Constraints for Table AUTORES_POTENCIAIS
--------------------------------------------------------

  ALTER TABLE "LIVROS"."AUTORES_POTENCIAIS" ADD CONSTRAINT "PK_AUTORES_POTENCIAIS" PRIMARY KEY ("NÚMERO")
  USING INDEX PCTFREE 10 INITRANS 2 MAXTRANS 255 COMPUTE STATISTICS 
  STORAGE(INITIAL 65536 NEXT 1048576 MINEXTENTS 1 MAXEXTENTS 2147483645
  PCTINCREASE 0 FREELISTS 1 FREELIST GROUPS 1 BUFFER_POOL DEFAULT FLASH_CACHE DEFAULT CELL_FLASH_CACHE DEFAULT)
  TABLESPACE "USERS"  ENABLE;
  ALTER TABLE "LIVROS"."AUTORES_POTENCIAIS" MODIFY ("NÚMERO" NOT NULL ENABLE);
--------------------------------------------------------
--  Constraints for Table VENDAS_DETALHES
--------------------------------------------------------

  ALTER TABLE "LIVROS"."VENDAS_DETALHES" ADD CONSTRAINT "PK_VENDAS_DETALHES" PRIMARY KEY ("NÚMERO", "LINHA")
  USING INDEX PCTFREE 10 INITRANS 2 MAXTRANS 255 COMPUTE STATISTICS 
  STORAGE(INITIAL 65536 NEXT 1048576 MINEXTENTS 1 MAXEXTENTS 2147483645
  PCTINCREASE 0 FREELISTS 1 FREELIST GROUPS 1 BUFFER_POOL DEFAULT FLASH_CACHE DEFAULT CELL_FLASH_CACHE DEFAULT)
  TABLESPACE "USERS"  ENABLE;
  ALTER TABLE "LIVROS"."VENDAS_DETALHES" MODIFY ("LINHA" NOT NULL ENABLE);
  ALTER TABLE "LIVROS"."VENDAS_DETALHES" MODIFY ("NÚMERO" NOT NULL ENABLE);
--------------------------------------------------------
--  Constraints for Table AUTORES
--------------------------------------------------------

  ALTER TABLE "LIVROS"."AUTORES" ADD CONSTRAINT "PK_AUTORES" PRIMARY KEY ("CÓDIGO")
  USING INDEX PCTFREE 10 INITRANS 2 MAXTRANS 255 COMPUTE STATISTICS 
  STORAGE(INITIAL 65536 NEXT 1048576 MINEXTENTS 1 MAXEXTENTS 2147483645
  PCTINCREASE 0 FREELISTS 1 FREELIST GROUPS 1 BUFFER_POOL DEFAULT FLASH_CACHE DEFAULT CELL_FLASH_CACHE DEFAULT)
  TABLESPACE "USERS"  ENABLE;
  ALTER TABLE "LIVROS"."AUTORES" MODIFY ("CÓDIGO" NOT NULL ENABLE);
--------------------------------------------------------
--  Constraints for Table CLASSES
--------------------------------------------------------

  ALTER TABLE "LIVROS"."CLASSES" ADD CONSTRAINT "PK_CLASSES" PRIMARY KEY ("CÓDIGO")
  USING INDEX PCTFREE 10 INITRANS 2 MAXTRANS 255 COMPUTE STATISTICS 
  STORAGE(INITIAL 65536 NEXT 1048576 MINEXTENTS 1 MAXEXTENTS 2147483645
  PCTINCREASE 0 FREELISTS 1 FREELIST GROUPS 1 BUFFER_POOL DEFAULT FLASH_CACHE DEFAULT CELL_FLASH_CACHE DEFAULT)
  TABLESPACE "USERS"  ENABLE;
  ALTER TABLE "LIVROS"."CLASSES" MODIFY ("CÓDIGO" NOT NULL ENABLE);
--------------------------------------------------------
--  Constraints for Table ANOMALIAS
--------------------------------------------------------

  ALTER TABLE "LIVROS"."ANOMALIAS" ADD CONSTRAINT "PK__ANOMALIAS__2DB1C7EE" PRIMARY KEY ("REGISTO")
  USING INDEX PCTFREE 10 INITRANS 2 MAXTRANS 255 COMPUTE STATISTICS 
  STORAGE(INITIAL 65536 NEXT 1048576 MINEXTENTS 1 MAXEXTENTS 2147483645
  PCTINCREASE 0 FREELISTS 1 FREELIST GROUPS 1 BUFFER_POOL DEFAULT FLASH_CACHE DEFAULT CELL_FLASH_CACHE DEFAULT)
  TABLESPACE "USERS"  ENABLE;
  ALTER TABLE "LIVROS"."ANOMALIAS" MODIFY ("DESCRIÇÃO" NOT NULL ENABLE);
  ALTER TABLE "LIVROS"."ANOMALIAS" MODIFY ("FUNCIONÁRIO" NOT NULL ENABLE);
  ALTER TABLE "LIVROS"."ANOMALIAS" MODIFY ("REGISTO" NOT NULL ENABLE);
--------------------------------------------------------
--  Constraints for Table LOCALIDADES
--------------------------------------------------------

  ALTER TABLE "LIVROS"."LOCALIDADES" ADD CONSTRAINT "PK_LOCALIDADES" PRIMARY KEY ("CÓDIGO")
  USING INDEX PCTFREE 10 INITRANS 2 MAXTRANS 255 COMPUTE STATISTICS 
  STORAGE(INITIAL 65536 NEXT 1048576 MINEXTENTS 1 MAXEXTENTS 2147483645
  PCTINCREASE 0 FREELISTS 1 FREELIST GROUPS 1 BUFFER_POOL DEFAULT FLASH_CACHE DEFAULT CELL_FLASH_CACHE DEFAULT)
  TABLESPACE "USERS"  ENABLE;
  ALTER TABLE "LIVROS"."LOCALIDADES" MODIFY ("DESIGNAÇÃO" NOT NULL ENABLE);
  ALTER TABLE "LIVROS"."LOCALIDADES" MODIFY ("CÓDIGO" NOT NULL ENABLE);
--------------------------------------------------------
--  Constraints for Table TOTAISVENDASDIÁRIASGERAL
--------------------------------------------------------

  ALTER TABLE "LIVROS"."TOTAISVENDASDIÁRIASGERAL" ADD CONSTRAINT "PK_TOTAISVENDASDIÁRIOSGERAL" PRIMARY KEY ("DATA")
  USING INDEX PCTFREE 10 INITRANS 2 MAXTRANS 255 COMPUTE STATISTICS 
  STORAGE(INITIAL 65536 NEXT 1048576 MINEXTENTS 1 MAXEXTENTS 2147483645
  PCTINCREASE 0 FREELISTS 1 FREELIST GROUPS 1 BUFFER_POOL DEFAULT FLASH_CACHE DEFAULT CELL_FLASH_CACHE DEFAULT)
  TABLESPACE "USERS"  ENABLE;
  ALTER TABLE "LIVROS"."TOTAISVENDASDIÁRIASGERAL" MODIFY ("DATA" NOT NULL ENABLE);
--------------------------------------------------------
--  Constraints for Table LIVROS_PROMOÇÕES
--------------------------------------------------------

  ALTER TABLE "LIVROS"."LIVROS_PROMOÇÕES" ADD CONSTRAINT "PK_LIVROS_PROMOÇÕES" PRIMARY KEY ("LIVRO", "PROMOÇÃO")
  USING INDEX PCTFREE 10 INITRANS 2 MAXTRANS 255 COMPUTE STATISTICS 
  STORAGE(INITIAL 65536 NEXT 1048576 MINEXTENTS 1 MAXEXTENTS 2147483645
  PCTINCREASE 0 FREELISTS 1 FREELIST GROUPS 1 BUFFER_POOL DEFAULT FLASH_CACHE DEFAULT CELL_FLASH_CACHE DEFAULT)
  TABLESPACE "USERS"  ENABLE;
  ALTER TABLE "LIVROS"."LIVROS_PROMOÇÕES" MODIFY ("PROMOÇÃO" NOT NULL ENABLE);
  ALTER TABLE "LIVROS"."LIVROS_PROMOÇÕES" MODIFY ("LIVRO" NOT NULL ENABLE);
--------------------------------------------------------
--  Constraints for Table TOTAISVENDASDIÁRIASLIVROS
--------------------------------------------------------

  ALTER TABLE "LIVROS"."TOTAISVENDASDIÁRIASLIVROS" ADD CONSTRAINT "PK_TOTAISVENDASDIÁRIASLIVROS" PRIMARY KEY ("DATA", "LIVRO")
  USING INDEX PCTFREE 10 INITRANS 2 MAXTRANS 255 COMPUTE STATISTICS 
  STORAGE(INITIAL 65536 NEXT 1048576 MINEXTENTS 1 MAXEXTENTS 2147483645
  PCTINCREASE 0 FREELISTS 1 FREELIST GROUPS 1 BUFFER_POOL DEFAULT FLASH_CACHE DEFAULT CELL_FLASH_CACHE DEFAULT)
  TABLESPACE "USERS"  ENABLE;
  ALTER TABLE "LIVROS"."TOTAISVENDASDIÁRIASLIVROS" MODIFY ("LIVRO" NOT NULL ENABLE);
  ALTER TABLE "LIVROS"."TOTAISVENDASDIÁRIASLIVROS" MODIFY ("DATA" NOT NULL ENABLE);
--------------------------------------------------------
--  Constraints for Table PAÍSES
--------------------------------------------------------

  ALTER TABLE "LIVROS"."PAÍSES" ADD CONSTRAINT "PK_PAÍSES" PRIMARY KEY ("CÓDIGO")
  USING INDEX PCTFREE 10 INITRANS 2 MAXTRANS 255 COMPUTE STATISTICS 
  STORAGE(INITIAL 65536 NEXT 1048576 MINEXTENTS 1 MAXEXTENTS 2147483645
  PCTINCREASE 0 FREELISTS 1 FREELIST GROUPS 1 BUFFER_POOL DEFAULT FLASH_CACHE DEFAULT CELL_FLASH_CACHE DEFAULT)
  TABLESPACE "USERS"  ENABLE;
  ALTER TABLE "LIVROS"."PAÍSES" MODIFY ("DESIGNAÇÃO" NOT NULL ENABLE);
  ALTER TABLE "LIVROS"."PAÍSES" MODIFY ("CÓDIGO" NOT NULL ENABLE);
--------------------------------------------------------
--  Constraints for Table TIPOS
--------------------------------------------------------

  ALTER TABLE "LIVROS"."TIPOS" ADD CONSTRAINT "PK_TIPOS" PRIMARY KEY ("CÓDIGO")
  USING INDEX PCTFREE 10 INITRANS 2 MAXTRANS 255 COMPUTE STATISTICS 
  STORAGE(INITIAL 65536 NEXT 1048576 MINEXTENTS 1 MAXEXTENTS 2147483645
  PCTINCREASE 0 FREELISTS 1 FREELIST GROUPS 1 BUFFER_POOL DEFAULT FLASH_CACHE DEFAULT CELL_FLASH_CACHE DEFAULT)
  TABLESPACE "USERS"  ENABLE;
  ALTER TABLE "LIVROS"."TIPOS" MODIFY ("CÓDIGO" NOT NULL ENABLE);
--------------------------------------------------------
--  Constraints for Table FUNCIONÁRIOS
--------------------------------------------------------

  ALTER TABLE "LIVROS"."FUNCIONÁRIOS" ADD CONSTRAINT "PK_FUNCIONÁRIOS" PRIMARY KEY ("NÚMERO")
  USING INDEX PCTFREE 10 INITRANS 2 MAXTRANS 255 COMPUTE STATISTICS 
  STORAGE(INITIAL 65536 NEXT 1048576 MINEXTENTS 1 MAXEXTENTS 2147483645
  PCTINCREASE 0 FREELISTS 1 FREELIST GROUPS 1 BUFFER_POOL DEFAULT FLASH_CACHE DEFAULT CELL_FLASH_CACHE DEFAULT)
  TABLESPACE "USERS"  ENABLE;
  ALTER TABLE "LIVROS"."FUNCIONÁRIOS" MODIFY ("SALÁRIO" NOT NULL ENABLE);
  ALTER TABLE "LIVROS"."FUNCIONÁRIOS" MODIFY ("FUNÇÃO" NOT NULL ENABLE);
  ALTER TABLE "LIVROS"."FUNCIONÁRIOS" MODIFY ("NOME" NOT NULL ENABLE);
  ALTER TABLE "LIVROS"."FUNCIONÁRIOS" MODIFY ("NÚMERO" NOT NULL ENABLE);
--------------------------------------------------------
--  Constraints for Table FUNCIONÁRIOS_REGISTOS
--------------------------------------------------------

  ALTER TABLE "LIVROS"."FUNCIONÁRIOS_REGISTOS" ADD CONSTRAINT "PK_FUNCIONÁRIOS_REGISTOS" PRIMARY KEY ("FUNCIONÁRIO", "DATA")
  USING INDEX PCTFREE 10 INITRANS 2 MAXTRANS 255 COMPUTE STATISTICS 
  STORAGE(INITIAL 65536 NEXT 1048576 MINEXTENTS 1 MAXEXTENTS 2147483645
  PCTINCREASE 0 FREELISTS 1 FREELIST GROUPS 1 BUFFER_POOL DEFAULT FLASH_CACHE DEFAULT CELL_FLASH_CACHE DEFAULT)
  TABLESPACE "USERS"  ENABLE;
  ALTER TABLE "LIVROS"."FUNCIONÁRIOS_REGISTOS" MODIFY ("TIPO" NOT NULL ENABLE);
  ALTER TABLE "LIVROS"."FUNCIONÁRIOS_REGISTOS" MODIFY ("DATA" NOT NULL ENABLE);
  ALTER TABLE "LIVROS"."FUNCIONÁRIOS_REGISTOS" MODIFY ("FUNCIONÁRIO" NOT NULL ENABLE);
--------------------------------------------------------
--  Constraints for Table REGIÕES
--------------------------------------------------------

  ALTER TABLE "LIVROS"."REGIÕES" ADD CONSTRAINT "PK__REGIÕES__0B5CAFEA" PRIMARY KEY ("CÓDIGO")
  USING INDEX PCTFREE 10 INITRANS 2 MAXTRANS 255 COMPUTE STATISTICS 
  STORAGE(INITIAL 65536 NEXT 1048576 MINEXTENTS 1 MAXEXTENTS 2147483645
  PCTINCREASE 0 FREELISTS 1 FREELIST GROUPS 1 BUFFER_POOL DEFAULT FLASH_CACHE DEFAULT CELL_FLASH_CACHE DEFAULT)
  TABLESPACE "USERS"  ENABLE;
  ALTER TABLE "LIVROS"."REGIÕES" MODIFY ("DESCRIÇÃO" NOT NULL ENABLE);
  ALTER TABLE "LIVROS"."REGIÕES" MODIFY ("CÓDIGO" NOT NULL ENABLE);
--------------------------------------------------------
--  Constraints for Table VENDEDORES_VENDAS
--------------------------------------------------------

  ALTER TABLE "LIVROS"."VENDEDORES_VENDAS" MODIFY ("NÚMERO" NOT NULL ENABLE);
  ALTER TABLE "LIVROS"."VENDEDORES_VENDAS" MODIFY ("VENDEDOR" NOT NULL ENABLE);
--------------------------------------------------------
--  Ref Constraints for Table AUTORES
--------------------------------------------------------

  ALTER TABLE "LIVROS"."AUTORES" ADD CONSTRAINT "FK_AUTORES_LOCALIDADES" FOREIGN KEY ("LOCALIDADE")
	  REFERENCES "LIVROS"."LOCALIDADES" ("CÓDIGO") ENABLE;
  ALTER TABLE "LIVROS"."AUTORES" ADD CONSTRAINT "FK_AUTORES_PROFISSÕES" FOREIGN KEY ("PROFISSÃO")
	  REFERENCES "LIVROS"."PROFISSÕES" ("CÓDIGO") ENABLE;
--------------------------------------------------------
--  Ref Constraints for Table AUTORES_POTENCIAIS
--------------------------------------------------------

  ALTER TABLE "LIVROS"."AUTORES_POTENCIAIS" ADD CONSTRAINT "FK_AUTORES_POTENCIAIS_PROFISS" FOREIGN KEY ("PROFISSÃO")
	  REFERENCES "LIVROS"."PROFISSÕES" ("CÓDIGO") ENABLE;
--------------------------------------------------------
--  Ref Constraints for Table CLIENTES
--------------------------------------------------------

  ALTER TABLE "LIVROS"."CLIENTES" ADD CONSTRAINT "FK_CLIENTES_CLASSES" FOREIGN KEY ("CLASSE")
	  REFERENCES "LIVROS"."CLASSES" ("CÓDIGO") ENABLE;
  ALTER TABLE "LIVROS"."CLIENTES" ADD CONSTRAINT "FK_CLIENTES_PROFISSÕES" FOREIGN KEY ("PROFISSÃO")
	  REFERENCES "LIVROS"."PROFISSÕES" ("CÓDIGO") ENABLE;
  ALTER TABLE "LIVROS"."CLIENTES" ADD CONSTRAINT "FK__CLIENTES__LOCALI__0C50D423" FOREIGN KEY ("LOCALIDADE")
	  REFERENCES "LIVROS"."LOCALIDADES" ("CÓDIGO") ENABLE;
  ALTER TABLE "LIVROS"."CLIENTES" ADD CONSTRAINT "FK__CLIENTES__REGIÃO__0D44F85" FOREIGN KEY ("REGIÃO")
	  REFERENCES "LIVROS"."REGIÕES" ("CÓDIGO") ENABLE;
--------------------------------------------------------
--  Ref Constraints for Table EDITORAS
--------------------------------------------------------

  ALTER TABLE "LIVROS"."EDITORAS" ADD CONSTRAINT "FK_EDITORAS_LOCALIDADES" FOREIGN KEY ("LOCALIDADE")
	  REFERENCES "LIVROS"."LOCALIDADES" ("CÓDIGO") ENABLE;
  ALTER TABLE "LIVROS"."EDITORAS" ADD CONSTRAINT "FK_EDITORAS_PAÍSES" FOREIGN KEY ("PAÍS")
	  REFERENCES "LIVROS"."PAÍSES" ("CÓDIGO") ENABLE;
--------------------------------------------------------
--  Ref Constraints for Table FUNCIONÁRIOS
--------------------------------------------------------

  ALTER TABLE "LIVROS"."FUNCIONÁRIOS" ADD CONSTRAINT "FK_FUNCIONÁRIOS_FUNÇÕES" FOREIGN KEY ("FUNÇÃO")
	  REFERENCES "LIVROS"."FUNÇÕES" ("CÓDIGO") ENABLE;
--------------------------------------------------------
--  Ref Constraints for Table FUNCIONÁRIOS_REGISTOS
--------------------------------------------------------

  ALTER TABLE "LIVROS"."FUNCIONÁRIOS_REGISTOS" ADD CONSTRAINT "FK_FUNCIONÁRIOS_REGISTOS_FUNC" FOREIGN KEY ("FUNCIONÁRIO")
	  REFERENCES "LIVROS"."FUNCIONÁRIOS" ("NÚMERO") ENABLE;
--------------------------------------------------------
--  Ref Constraints for Table LIVROS
--------------------------------------------------------

  ALTER TABLE "LIVROS"."LIVROS" ADD CONSTRAINT "FK_LIVROS_COLECÇÕES" FOREIGN KEY ("COLECÇÃO")
	  REFERENCES "LIVROS"."COLECÇÕES" ("CÓDIGO") ENABLE;
  ALTER TABLE "LIVROS"."LIVROS" ADD CONSTRAINT "FK_LIVROS_EDITORAS" FOREIGN KEY ("EDITORA")
	  REFERENCES "LIVROS"."EDITORAS" ("NÚMERO") ENABLE;
  ALTER TABLE "LIVROS"."LIVROS" ADD CONSTRAINT "FK_LIVROS_IMPOSTOS" FOREIGN KEY ("IMPOSTO")
	  REFERENCES "LIVROS"."IMPOSTOS" ("CÓDIGO") ENABLE;
  ALTER TABLE "LIVROS"."LIVROS" ADD CONSTRAINT "FK_LIVROS_TIPOS" FOREIGN KEY ("TIPO")
	  REFERENCES "LIVROS"."TIPOS" ("CÓDIGO") ENABLE;
--------------------------------------------------------
--  Ref Constraints for Table LIVROS_AUTORES
--------------------------------------------------------

  ALTER TABLE "LIVROS"."LIVROS_AUTORES" ADD CONSTRAINT "FK_LIVROS_AUTORES_AUTORES" FOREIGN KEY ("AUTOR")
	  REFERENCES "LIVROS"."AUTORES" ("CÓDIGO") ENABLE;
  ALTER TABLE "LIVROS"."LIVROS_AUTORES" ADD CONSTRAINT "FK_LIVROS_AUTORES_LIVROS" FOREIGN KEY ("LIVRO")
	  REFERENCES "LIVROS"."LIVROS" ("CÓDIGO") ENABLE;
--------------------------------------------------------
--  Ref Constraints for Table LIVROS_PROMOÇÕES
--------------------------------------------------------

  ALTER TABLE "LIVROS"."LIVROS_PROMOÇÕES" ADD CONSTRAINT "FK_LIVROS_PROMOÇÕES_LIVROS" FOREIGN KEY ("LIVRO")
	  REFERENCES "LIVROS"."LIVROS" ("CÓDIGO") ENABLE;
  ALTER TABLE "LIVROS"."LIVROS_PROMOÇÕES" ADD CONSTRAINT "FK_LIVROS_PROMOÇÕES_PROMOÇ" FOREIGN KEY ("PROMOÇÃO")
	  REFERENCES "LIVROS"."PROMOÇÕES" ("CÓDIGO") ENABLE;
--------------------------------------------------------
--  Ref Constraints for Table VENDAS
--------------------------------------------------------

  ALTER TABLE "LIVROS"."VENDAS" ADD CONSTRAINT "FK_VENDAS_CLIENTES" FOREIGN KEY ("CLIENTE")
	  REFERENCES "LIVROS"."CLIENTES" ("NÚMERO") ENABLE;
  ALTER TABLE "LIVROS"."VENDAS" ADD CONSTRAINT "FK_VENDAS_FUNCIONÁRIOS" FOREIGN KEY ("FUNCIONÁRIO")
	  REFERENCES "LIVROS"."FUNCIONÁRIOS" ("NÚMERO") ENABLE;
  ALTER TABLE "LIVROS"."VENDAS" ADD CONSTRAINT "FK_VENDAS_LOCAIS_VENDA" FOREIGN KEY ("LOCAL_VENDA")
	  REFERENCES "LIVROS"."LOCAIS_VENDA" ("CÓDIGO") ENABLE;
--------------------------------------------------------
--  Ref Constraints for Table VENDAS_DETALHES
--------------------------------------------------------

  ALTER TABLE "LIVROS"."VENDAS_DETALHES" ADD CONSTRAINT "FK_VENDAS_DETALHES_LIVROS" FOREIGN KEY ("LIVRO")
	  REFERENCES "LIVROS"."LIVROS" ("CÓDIGO") ENABLE;
  ALTER TABLE "LIVROS"."VENDAS_DETALHES" ADD CONSTRAINT "FK_VENDAS_DETALHES_VENDAS" FOREIGN KEY ("NÚMERO")
	  REFERENCES "LIVROS"."VENDAS" ("NÚMERO") ENABLE;
--------------------------------------------------------
--  DDL for Trigger ALTERAÇÃOVENDA
--------------------------------------------------------

  CREATE OR REPLACE TRIGGER "LIVROS"."ALTERAÇÃOVENDA" 
   BEFORE UPDATE
   ON Vendas
   FOR EACH ROW

BEGIN
   UPDATE Clientes
      SET :OLD.Valor_Acumulado_Compras = :OLD.Valor_Acumulado_Compras - ( SELECT :OLD.Total 
                                                                            FROM DUAL  ) + ( SELECT :OLD.Total 
                                                                                               FROM DUAL  )
      WHERE :OLD.Número = ( SELECT :OLD.Cliente 
                              FROM DUAL  );
END;
/
ALTER TRIGGER "LIVROS"."ALTERAÇÃOVENDA" ENABLE;
--------------------------------------------------------
--  DDL for Trigger ANOMALIAS_REGISTO_TRG
--------------------------------------------------------

  CREATE OR REPLACE TRIGGER "LIVROS"."ANOMALIAS_REGISTO_TRG" BEFORE INSERT ON Anomalias
FOR EACH ROW
DECLARE 
v_newVal NUMBER(12) := 0;
v_incval NUMBER(12) := 0;
BEGIN
  IF INSERTING AND :new.Registo IS NULL THEN
    SELECT  Anomalias_Registo_SEQ.NEXTVAL INTO v_newVal FROM DUAL;
    -- If this is the first time this table have been inserted into (sequence == 1)
    IF v_newVal = 1 THEN 
      --get the max indentity value from the table
      SELECT NVL(max(Registo),0) INTO v_newVal FROM Anomalias;
      v_newVal := v_newVal + 1;
      --set the sequence to that value
      LOOP
           EXIT WHEN v_incval>=v_newVal;
           SELECT Anomalias_Registo_SEQ.nextval INTO v_incval FROM dual;
      END LOOP;
    END IF;
  -- save this to emulate @@identity
  utils.identity_value := v_newVal; 
   -- assign the value from the sequence to emulate the identity column
   :new.Registo := v_newVal;
  END IF;
END;
/
ALTER TRIGGER "LIVROS"."ANOMALIAS_REGISTO_TRG" ENABLE;
--------------------------------------------------------
--  DDL for Trigger CLIENTES_NÚMERO_TRG
--------------------------------------------------------

  CREATE OR REPLACE TRIGGER "LIVROS"."CLIENTES_NÚMERO_TRG" BEFORE INSERT ON Clientes
FOR EACH ROW
DECLARE 
v_newVal NUMBER(12) := 0;
v_incval NUMBER(12) := 0;
BEGIN
  IF INSERTING AND :new.Número IS NULL THEN
    SELECT  Clientes_Número_SEQ.NEXTVAL INTO v_newVal FROM DUAL;
    -- If this is the first time this table have been inserted into (sequence == 1)
    IF v_newVal = 1 THEN 
      --get the max indentity value from the table
      SELECT NVL(max(Número),0) INTO v_newVal FROM Clientes;
      v_newVal := v_newVal + 1;
      --set the sequence to that value
      LOOP
           EXIT WHEN v_incval>=v_newVal;
           SELECT Clientes_Número_SEQ.nextval INTO v_incval FROM dual;
      END LOOP;
    END IF;
  -- save this to emulate @@identity
  utils.identity_value := v_newVal; 
   -- assign the value from the sequence to emulate the identity column
   :new.Número := v_newVal;
  END IF;
END;
/
ALTER TRIGGER "LIVROS"."CLIENTES_NÚMERO_TRG" ENABLE;
--------------------------------------------------------
--  DDL for Trigger DTPROPERTIES_ID_TRG
--------------------------------------------------------

  CREATE OR REPLACE TRIGGER "LIVROS"."DTPROPERTIES_ID_TRG" BEFORE INSERT ON dtproperties
FOR EACH ROW
DECLARE 
v_newVal NUMBER(12) := 0;
v_incval NUMBER(12) := 0;
BEGIN
  IF INSERTING AND :new.id IS NULL THEN
    SELECT  dtproperties_id_SEQ.NEXTVAL INTO v_newVal FROM DUAL;
    -- If this is the first time this table have been inserted into (sequence == 1)
    IF v_newVal = 1 THEN 
      --get the max indentity value from the table
      SELECT NVL(max(id),0) INTO v_newVal FROM dtproperties;
      v_newVal := v_newVal + 1;
      --set the sequence to that value
      LOOP
           EXIT WHEN v_incval>=v_newVal;
           SELECT dtproperties_id_SEQ.nextval INTO v_incval FROM dual;
      END LOOP;
    END IF;
  -- save this to emulate @@identity
  utils.identity_value := v_newVal; 
   -- assign the value from the sequence to emulate the identity column
   :new.id := v_newVal;
  END IF;
END;
/
ALTER TRIGGER "LIVROS"."DTPROPERTIES_ID_TRG" ENABLE;
--------------------------------------------------------
--  DDL for Trigger PROFISSÕES_CÓDIGO_TRG
--------------------------------------------------------

  CREATE OR REPLACE TRIGGER "LIVROS"."PROFISSÕES_CÓDIGO_TRG" BEFORE INSERT ON Profissões
FOR EACH ROW
DECLARE 
v_newVal NUMBER(12) := 0;
v_incval NUMBER(12) := 0;
BEGIN
  IF INSERTING AND :new.Código IS NULL THEN
    SELECT  Profissões_Código_SEQ.NEXTVAL INTO v_newVal FROM DUAL;
    -- If this is the first time this table have been inserted into (sequence == 1)
    IF v_newVal = 1 THEN 
      --get the max indentity value from the table
      SELECT NVL(max(Código),0) INTO v_newVal FROM Profissões;
      v_newVal := v_newVal + 1;
      --set the sequence to that value
      LOOP
           EXIT WHEN v_incval>=v_newVal;
           SELECT Profissões_Código_SEQ.nextval INTO v_incval FROM dual;
      END LOOP;
    END IF;
  -- save this to emulate @@identity
  utils.identity_value := v_newVal; 
   -- assign the value from the sequence to emulate the identity column
   :new.Código := v_newVal;
  END IF;
END;
/
ALTER TRIGGER "LIVROS"."PROFISSÕES_CÓDIGO_TRG" ENABLE;
--------------------------------------------------------
--  DDL for Function LIVROSDAEDITORA
--------------------------------------------------------

  CREATE OR REPLACE FUNCTION "LIVROS"."LIVROSDAEDITORA" 
-- Procedimento que nos fornece uma lista com os livros de uma dada 
 -- editora, cujo código é passado como parâmetro.

(
  v_CódigoEditora IN NUMBER,
  cv_1 OUT SYS_REFCURSOR
)
RETURN NUMBER
AS
   v_temp NUMBER(1, 0) := 0;

BEGIN

   BEGIN
      SELECT 1 INTO v_temp
        FROM DUAL
       WHERE NOT EXISTS ( SELECT * 
                          FROM Editoras 
                            WHERE Número = v_CódigoEditora );
   EXCEPTION
      WHEN OTHERS THEN
         NULL;
   END;
      
   IF v_temp = 1 THEN
   
   BEGIN
      DBMS_OUTPUT.PUT_LINE('Código de Editora Inválido' || UTILS.CONVERT_TO_VARCHAR2(v_CódigoEditora,5));
      DBMS_OUTPUT.PUT_LINE(' ');
      RETURN 9;
   END;
   ELSE
   DECLARE
      v_NomeEditora VARCHAR2(50);
   
   BEGIN
      SELECT Designação 

        INTO v_NomeEditora
        FROM Editoras 
        WHERE Número = v_CódigoEditora;
      DBMS_OUTPUT.PUT_LINE('Editora: ' || UTILS.CONVERT_TO_VARCHAR2(v_CódigoEditora,5) || ' - ' || v_NomeEditora);
      DBMS_OUTPUT.PUT_LINE(' ');
      OPEN  cv_1 FOR
         SELECT Colecção ,
                Código ,
                Designação ,
                Preço_Venda 
           FROM Livros 
           WHERE Editora = v_CódigoEditora
           ORDER BY Colecção ASC,
                    Designação ASC ;
      DBMS_OUTPUT.PUT_LINE(' ');
      DBMS_OUTPUT.PUT_LINE('Fim da Lista');
   END;
   END IF;
END;

/
--------------------------------------------------------
--  DDL for Function LUCROPORLIVROPOREDITORA
--------------------------------------------------------

  CREATE OR REPLACE FUNCTION "LIVROS"."LUCROPORLIVROPOREDITORA" 
(
  v_EditoraRef IN NUMBER
)
RETURN lucroPorLivroPorEditora_pkg.tt_v_LucroLivrosEditora_type PIPELINED
AS
   v_temp SYS_REFCURSOR;
   v_temp_1 TT_V_LUCROLIVROSEDITORA%ROWTYPE;

BEGIN
   INSERT INTO tt_v_LucroLivrosEditora
     ( SELECT Designação ,
              Preço_Venda - Preço_Compra Lucro  ,
              ((Preço_Venda / Preço_Compra) - 1) * 100 Lu_A2  
       FROM Livros 
         WHERE Editora = v_EditoraRef );
   OPEN v_temp FOR
      SELECT * 
        FROM tt_v_LucroLivrosEditora;
        
   LOOP
      FETCH v_temp INTO v_temp_1;
      EXIT WHEN v_temp%NOTFOUND;
      PIPE ROW ( v_temp_1 );
   END LOOP;
END;

/
--------------------------------------------------------
--  DDL for Function NÚMEROLIVROSVENDIDOSHOJE
--------------------------------------------------------

  CREATE OR REPLACE FUNCTION "LIVROS"."NÚMEROLIVROSVENDIDOSHOJE" 
RETURN NUMBER
AS
   v_NúmeroLivros NUMBER(5,0);

BEGIN

   SELECT COUNT(VD.Livro)  

     INTO v_NúmeroLivros
     FROM Vendas VE,
          Vendas_Detalhes VD
     WHERE VE.Número = VD.Número
             AND UTILS.CONVERT_TO_NVARCHAR2(VE.Data,22,p_style=>111) = UTILS.CONVERT_TO_NVARCHAR2(SYSDATE,22,p_style=>111);
   RETURN v_NúmeroLivros;
END;

/
--------------------------------------------------------
--  DDL for Function PREÇOMÉDIOLIVROS
--------------------------------------------------------

  CREATE OR REPLACE FUNCTION "LIVROS"."PREÇOMÉDIOLIVROS" 
(
  v_EditoraRef IN NUMBER
)
RETURN NUMBER
AS
   v_PreçoMédio NUMBER(19,4);

BEGIN
   SELECT AVG(Preço_Venda)  

     INTO v_PreçoMédio
     FROM Livros 
     WHERE Editora = v_EditoraRef;
   RETURN v_PreçoMédio;
END;

/
--------------------------------------------------------
--  DDL for Function PREÇOMÉDIOLIVROSPOREDITORA
--------------------------------------------------------

  CREATE OR REPLACE FUNCTION "LIVROS"."PREÇOMÉDIOLIVROSPOREDITORA" 
(
  v_EditoraRef IN NUMBER
)
RETURN NUMBER
AS
   v_PreçoMédio NUMBER(19,4);

BEGIN
   SELECT AVG(Preço_Venda)  

     INTO v_PreçoMédio
     FROM Livros 
     WHERE Editora = v_EditoraRef;
   RETURN v_PreçoMédio;
END;

/
--------------------------------------------------------
--  DDL for Function UDFLIVROSDAEDITORA
--------------------------------------------------------

  CREATE OR REPLACE FUNCTION "LIVROS"."UDFLIVROSDAEDITORA" 
(
  v_EditoraRef IN NUMBER
)
RETURN udfLivrosDaEditora_pkg.tt_udfLivrosDaEditora_type PIPELINED
AS
   v_temp SYS_REFCURSOR;
   v_temp_1 TT_UDFLIVROSDAEDITORA%ROWTYPE;

BEGIN
   DELETE tt_udfLivrosDaEditora;
   
   INSERT INTO tt_udfLivrosDaEditora
      SELECT Código ,
             Designação 
        FROM Livros 
        WHERE Editora = v_EditoraRef;

      OPEN v_temp FOR
      SELECT * 
        FROM tt_udfLivrosDaEditora;
        
   LOOP
      FETCH v_temp INTO v_temp_1;
      EXIT WHEN v_temp%NOTFOUND;
      PIPE ROW ( v_temp_1 );
   END LOOP;
END;

/
--------------------------------------------------------
--  DDL for Package LUCROPORLIVROPOREDITORA_PKG
--------------------------------------------------------

  CREATE OR REPLACE PACKAGE "LIVROS"."LUCROPORLIVROPOREDITORA_PKG" 
AS
   TYPE tt_v_LucroLivrosEditora_type IS TABLE OF tt_v_LucroLivrosEditora%ROWTYPE;
END;

/
--------------------------------------------------------
--  DDL for Package UDFLIVROSDAEDITORA_PKG
--------------------------------------------------------

  CREATE OR REPLACE PACKAGE "LIVROS"."UDFLIVROSDAEDITORA_PKG" 
AS
   TYPE tt_udfLivrosDaEditora_type IS TABLE OF tt_udfLivrosDaEditora%ROWTYPE;
END;

/
--------------------------------------------------------
--  DDL for Procedure ATRIBUIPONTOSVENDACLIENTE
--------------------------------------------------------
set define off;

  CREATE OR REPLACE PROCEDURE "LIVROS"."ATRIBUIPONTOSVENDACLIENTE" 
(
  v_ClienteRef IN NUMBER,
  v_DataRef IN DATE,
  cv_1 OUT SYS_REFCURSOR
)
AS

BEGIN

   OPEN  cv_1 FOR
      SELECT Cliente ,
             Data ,
             Número ,
             CASE 
                  WHEN Total <= 100 THEN '1'
                  WHEN Total > 100
                    AND Total < 500 THEN '5'
             ELSE '10'
                END Pontos  
        FROM Vendas 
        WHERE Cliente = v_ClienteRef
                AND UTILS.CONVERT_TO_CHAR(Data,11) = UTILS.CONVERT_TO_CHAR(v_DataRef,11) ;
END;

/
--------------------------------------------------------
--  DDL for Procedure CLOBTOBLOB_SQLDEVELOPER
--------------------------------------------------------
set define off;

  CREATE OR REPLACE PROCEDURE "LIVROS"."CLOBTOBLOB_SQLDEVELOPER" 
  ( 
    tableNameL      VARCHAR2 , 
    clobColumnNameL VARCHAR2, 
    blobColumnNameL VARCHAR2 ) 
AS 
  tableName      VARCHAR2 ( 500 ) := '';--to_UPPER(tableNameL); 
  clobColumnName VARCHAR2 ( 500 ) := '';--to_UPPER(clobColumNameL); 
  blobColumnName VARCHAR2 ( 500 ) := '';--to_UPPER(blobColumNameL); 
  tmpString      VARCHAR2 ( 500 ) := ''; 
  errorOut       BOOLEAN          := false; 
  inputLength    NUMBER; -- size of input CLOB 
  offSet         NUMBER := 1; 
  pieceMaxSize   NUMBER := 500;          -- the max size of each peice large for 12c
  piece          VARCHAR2 ( 500 CHAR ) ; -- these pieces will make up the entire CLOB 
  currentPlace   NUMBER := 1;            -- this is where were up to in the CLOB 
  blobLoc BLOB;                          -- blob locator in the table 
  clobLoc CLOB;                          -- clob locator pointsthis is the value from the dat file 
  myquery VARCHAR2 ( 2000 ) ; 
  -- THIS HAS TO BE CHANGED FOR SPECIFIC CUSTOMER TABLE 
  -- AND COLUMN NAMES 
  --CURSOR cur; 
TYPE cur_typ 
IS 
  REF 
  CURSOR; 
    cur cur_typ; 
    --cur_rec cur%ROWTYPE; 
  BEGIN 
    tableName      := UPPER ( tableNameL ) ; 
    clobColumnName := UPPER ( clobColumnNameL ) ; 
    blobColumnName := UPPER ( blobColumnNameL ) ; 
    BEGIN 
      EXECUTE immediate 'select table_name from user_tables where table_name = :1 ' INTO tmpString USING tableName; 
      IF ( tmpString != tableName ) THEN 
        errorOut     := true; 
      ELSE 
        BEGIN 
          EXECUTE immediate 'select COLUMN_NAME from user_tab_columns where table_name = :1 and COLUMN_NAME = :2 ' INTO tmpString USING tableName, clobColumnName; 
          IF ( tmpString != clobColumnName ) THEN 
            errorOut     := true; 
          ELSE 
            EXECUTE immediate 'select COLUMN_NAME from user_tab_columns where table_name = :1 and COLUMN_NAME = :2 ' INTO tmpString USING tableName, blobColumnName; 
            IF ( tmpString != blobColumnName ) THEN 
              errorOut     := true; 
            END IF; 
          END IF; 
        END; 
      END IF; 
    EXCEPTION 
    WHEN OTHERS THEN 
      errorOut := true; 
    END; 
    IF ( errorOut = true ) THEN 
      raise_application_error ( -20001, 'Invalid parameters' ) ; 
    END IF; 
    EXECUTE immediate 'update ' || tableName || ' set ' || blobColumnName || '= empty_blob() ' ; 
    myquery := 'SELECT '||clobColumnName||' clob_column , '||blobColumnName||' blob_column FROM ' || tableName || ' FOR UPDATE'; 
    OPEN cur FOR myquery;-- using clobColumName, blobColumnName ; 
    FETCH cur 
       INTO clobLoc, 
      blobLoc ; 
   
  WHILE cur%FOUND 
  LOOP 
    --RETRIVE THE clobLoc and blobLoc 
    --clobLoc := cur_rec.clob_column; 
    --blobLoc := cur_rec.blob_column; 
    currentPlace := 1; -- reset evertime 
    -- find the lenght of the clob 
    inputLength := DBMS_LOB.getLength ( clobLoc ) ; 
    -- loop through each peice 
    LOOP 
      IF (inputLength > 1) /* if originally zero length, could have a chr(0) character */ 
      THEN 
        -- get the next piece and add it to the clob 
        piece := DBMS_LOB.subStr ( clobLoc,pieceMaxSize,currentPlace ) ; 
        -- append this piece to the BLOB 
        DBMS_LOB.WRITEAPPEND ( blobLoc, LENGTH ( piece ) /2, HEXTORAW ( piece ) ) ; 
      END IF; 
      currentPlace := currentPlace                     + pieceMaxSize ; 
      EXIT 
    WHEN inputLength < currentplace; 
    END LOOP; 
    FETCH cur 
       INTO clobLoc, 
      blobLoc ; 
  END LOOP; 
  EXECUTE immediate 'alter table ' || tableName || ' drop column ' || clobColumnName; 
  --unnecessary after ddl 
  COMMIT; 
END CLOBtoBLOB_sqldeveloper;

/
--------------------------------------------------------
--  DDL for Procedure DETALHESVENDASLIVROSTOP10
--------------------------------------------------------
set define off;

  CREATE OR REPLACE PROCEDURE "LIVROS"."DETALHESVENDASLIVROSTOP10" 
(
  v_DataRef IN DATE,
  cv_1 OUT SYS_REFCURSOR
)
AS

BEGIN

   --SELECT '<ROOT>'
   OPEN  cv_1 FOR
      SELECT * 
        FROM ( SELECT VD.Livro ,
                      VD.Quantidade 
        FROM Vendas VE
               JOIN Vendas_Detalhes VD   ON VE.Número = VD.Número
        WHERE Data = v_DataRef
        ORDER BY VD.Quantidade DESC )
        WHERE ROWNUM <= 10 ;--SELECT '</ROOT>'
END;

/
--------------------------------------------------------
--  DDL for Procedure INSERT_AUTORES_1
--------------------------------------------------------
set define off;

  CREATE OR REPLACE PROCEDURE "LIVROS"."INSERT_AUTORES_1" 
(
  v_Código_1 IN CHAR,
  v_Nome_2 IN VARCHAR2
)
AS

BEGIN

   INSERT INTO Autores
     ( Código, Nome )
     VALUES ( v_Código_1, v_Nome_2 );
END;

/
--------------------------------------------------------
--  DDL for Procedure LIVROSNÃODISPONIVEIS
--------------------------------------------------------
set define off;

  CREATE OR REPLACE PROCEDURE "LIVROS"."LIVROSNÃODISPONIVEIS" 
(
  cv_1 OUT SYS_REFCURSOR
)
AS

BEGIN

   OPEN  cv_1 FOR
      SELECT Código ,
             Designação ,
             Preço_Venda 
        FROM Livros 
        WHERE Stock_Real = 0 ;
END;

/
--------------------------------------------------------
--  DDL for Procedure LIVROSVENDIDOSNUMMÊSPIML
--------------------------------------------------------
set define off;

  CREATE OR REPLACE PROCEDURE "LIVROS"."LIVROSVENDIDOSNUMMÊSPIML" 
-- Procedimento que nos fornece a lista dos livros vendidos durante um dados mês,
 -- cujo preço de venda foi inferior à média dos preços doslivros catalogados.
 -- Utilização da função definida peloutilizador "preçoMédioLivros"

(
  v_MêsRef IN NUMBER,
  cv_1 OUT SYS_REFCURSOR
)
AS

BEGIN

   IF v_MêsRef >= 1
     AND v_MêsRef <= 12 THEN
   
   BEGIN
      OPEN  cv_1 FOR
         SELECT LI.Código ,
                LI.Designação ,
                LI.Editora 
           FROM Vendas VE
                  JOIN Vendas_Detalhes VD   ON VE.Número = VD.Número
                  JOIN Livros LI   ON VD.Livro = LI.Código
           WHERE utils.datepart('MM', VE.Data) = v_MêsRef
                   AND VD.Preço < preçoMédioLivros() ;
   END;
   ELSE
   
   BEGIN
      raise_application_error( -20002, '(ERRO) Número de mês inválido.' );
   END;
   END IF;
END;

/
--------------------------------------------------------
--  DDL for Procedure MELHORCLIENTEDEHOJE
--------------------------------------------------------
set define off;

  CREATE OR REPLACE PROCEDURE "LIVROS"."MELHORCLIENTEDEHOJE" 
(
  v_NúmeroCliente OUT NUMBER,
  v_NomeCliente OUT VARCHAR2,
  v_TotalCliente OUT NUMBER
)
AS

BEGIN

   SELECT *
     INTO v_NúmeroCliente,
          v_NomeCliente,
          v_TotalCliente
     FROM ( SELECT C.Número ,
                   C.Nome ,
                   SUM(V.Total)  
     FROM Vendas V
            JOIN Clientes C   ON V.Cliente = C.Número
     WHERE UTILS.CONVERT_TO_VARCHAR2(V.Data,11,p_style=>111) = UTILS.CONVERT_TO_VARCHAR2(SYSDATE,11,p_style=>111)
     GROUP BY C.Número,C.Nome
     ORDER BY SUM(V.Total)  DESC )
     WHERE ROWNUM <= 1;
END;

/
--------------------------------------------------------
--  DDL for Procedure VENDASLIVROSPORCOLECÇÃOPORAN
--------------------------------------------------------
set define off;

  CREATE OR REPLACE PROCEDURE "LIVROS"."VENDASLIVROSPORCOLECÇÃOPORAN" 
(
  v_CódigoColecção IN VARCHAR2,
  v_AnoDeVendas IN VARCHAR2,
  cv_1 OUT SYS_REFCURSOR
)
AS

BEGIN

   DBMS_OUTPUT.PUT_LINE('Vendas por Colecção/Ano, Agrupadas por Livro');
   DBMS_OUTPUT.PUT_LINE('Colecção: ' || UTILS.CONVERT_TO_VARCHAR2(v_CódigoColecção,3));
   DBMS_OUTPUT.PUT_LINE('Ano: ' || UTILS.CONVERT_TO_VARCHAR2(v_AnoDeVendas,4));
   DBMS_OUTPUT.PUT_LINE(' ');
   OPEN  cv_1 FOR
      SELECT VD.Livro ,
             L.Designação ,
             SUM(VD.Total)  Total  
        FROM ( SELECT D.Livro ,
                      V.Total 
               FROM Vendas V,
                    Vendas_Detalhes D
                 WHERE SUBSTR(UTILS.CONVERT_TO_NVARCHAR2(V.Data,22,p_style=>111), 1, 4) = v_AnoDeVendas ) VD,
             ( SELECT Código ,
                      Designação ,
                      Colecção 
               FROM Livros 
                 WHERE Colecção = v_CódigoColecção ) L
        WHERE L.Código = VD.Livro
        GROUP BY VD.Livro,L.Designação
        ORDER BY VD.Livro ASC ;
END;

/
--------------------------------------------------------
--  DDL for Procedure VENDASLIVROSTOP10
--------------------------------------------------------
set define off;

  CREATE OR REPLACE PROCEDURE "LIVROS"."VENDASLIVROSTOP10" 
(
  v_DataRef IN DATE,
  cv_1 OUT SYS_REFCURSOR
)
AS

BEGIN

   --SELECT '<ROOT>'
   OPEN  cv_1 FOR
      SELECT * 
        FROM ( SELECT VD.Livro ,
                      VD.Quantidade 
        FROM Vendas VE
               JOIN Vendas_Detalhes VD   ON VE.Número = VD.Número
        WHERE Data = v_DataRef
        ORDER BY VD.Quantidade DESC )
        WHERE ROWNUM <= 10 ;--SELECT '</ROOT>'
END;

/
--------------------------------------------------------
--  DDL for Procedure VERIFICAVENDASLIVROHOJE
--------------------------------------------------------
set define off;

  CREATE OR REPLACE PROCEDURE "LIVROS"."VERIFICAVENDASLIVROHOJE" 
(
  v_CódigoLivro IN NUMBER
)
AS
   v_temp NUMBER(1, 0) := 0;

BEGIN

   BEGIN
      SELECT 1 INTO v_temp
        FROM DUAL
       WHERE NOT EXISTS ( SELECT * 
                          FROM Livros 
                            WHERE Código = v_CódigoLivro );
   EXCEPTION
      WHEN OTHERS THEN
         NULL;
   END;
      
   IF v_temp = 1 THEN
   
   BEGIN
      raise_application_error( -20002, '(ERRO) Código de Livro não existe.' );
   END;
   ELSE
   DECLARE
      v_NúmeroLivros NUMBER(10,0);
      v_Mensagem VARCHAR2(100);
   
   BEGIN
      SELECT NVL(SUM(Vendas_Detalhes.Quantidade) , 0) 

        INTO v_NúmeroLivros
        FROM Vendas 
               JOIN Vendas_Detalhes    ON Vendas.Número = Vendas_Detalhes.Número
        WHERE UTILS.CONVERT_TO_CHAR(Vendas.Data,11) = UTILS.CONVERT_TO_CHAR(SYSDATE,11)
                AND Vendas_Detalhes.Livro = v_CódigoLivro;
      v_Mensagem := 'Hoje venderam-se  ' || UTILS.CONVERT_TO_CHAR(v_NúmeroLivros,4) || ' exemplar(es) do livro que indicou.' ;
      raise_application_error( -20002, v_Mensagem );
   END;
   END IF;
END;

/
--------------------------------------------------------
--  DDL for Synonymn UTILS
--------------------------------------------------------

  CREATE OR REPLACE SYNONYM "LIVROS"."UTILS" FOR "EMULATION"."UTILS";
